time_stamp,open,high,low,close,volume,transaction,vwap
2018-07-28 00:40:00,8177.72,8238.87,8159.96,8180.15,266.4633591200002,2187345.637391649,8208.804559904205
2018-07-28 01:20:00,8176.01,8182.98,8151.85,8176.72,57.213696269999964,467175.02194609656,8165.440312428478
2018-07-28 02:00:00,8177.09,8193.53,8168.46,8168.46,23.38447778,191295.2229738011,8180.435961559501
2018-07-28 02:40:00,8168.46,8195.0,8164.96,8187.85,20.06152075999998,164115.43690973983,8180.607984463686
2018-07-28 03:20:00,8187.8,8191.96,8154.03,8173.21,35.06016339000002,286606.6404274644,8174.709205981947
2018-07-28 04:00:00,8175.06,8175.06,8154.65,8168.45,21.421817560000008,174862.35451466058,8162.815971375517
2018-07-28 04:40:00,8163.46,8198.73,8162.96,8180.43,76.44135142999995,625418.4315003454,8181.676799278766
2018-07-28 05:20:00,8180.63,8234.57,8178.29,8220.78,72.55926625999996,595294.7878162672,8204.255893150312
2018-07-28 06:00:00,8219.76,8230.0,8169.39,8178.04,66.62558890999999,546542.6762463416,8203.194676217108
2018-07-28 06:40:00,8178.15,8185.75,8160.36,8173.38,34.23659215,279808.1122901692,8172.779319397571
2018-07-28 07:20:00,8173.38,8192.82,8173.38,8176.89,39.089383999999974,319910.9006218203,8184.08651878015
2018-07-28 08:00:00,8177.96,8206.99,8175.88,8197.84,45.81651779000002,375105.38699068123,8187.121262902967
2018-07-28 08:40:00,8197.84,8213.7,8192.97,8207.71,10.904793439999999,89462.68156398367,8203.977641229276
2018-07-28 09:20:00,8207.94,8211.55,8166.99,8166.99,96.81069641999997,792129.1109220699,8182.247832259423
2018-07-28 10:00:00,8166.0,8198.65,8166.0,8189.23,96.29629953999992,787679.1271979011,8179.744506908201
2018-07-28 10:40:00,8185.76,8205.84,8183.46,8192.66,48.64935156999998,398606.6337536959,8193.462418099318
2018-07-28 11:20:00,8192.44,8232.14,8132.03,8208.3,232.9380522799999,1905245.433681364,8179.19363123716
2018-07-28 12:00:00,8210.47,8221.63,8158.15,8182.81,208.9668967299999,1712473.365604434,8194.95045579909
2018-07-28 12:40:00,8186.1,8204.86,8170.79,8195.05,41.77835835999999,342009.99366860586,8186.295658664697
2018-07-28 13:20:00,8189.22,8199.99,8181.99,8184.67,33.75612668999999,276357.6244107522,8186.887878123209
2018-07-28 14:00:00,8184.67,8185.98,8162.45,8163.22,28.761216280000014,235120.08996277204,8174.900799528076
2018-07-28 14:40:00,8161.18,8168.2,8104.59,8138.0,158.01655527000003,1284913.651518459,8131.512861566627
2018-07-28 15:20:00,8138.01,8166.01,8097.61,8113.16,95.22102401000022,774235.4971067257,8130.930171738277
2018-07-28 16:00:00,8115.92,8136.2,8051.43,8119.06,310.63370692,2513696.432672677,8092.156056071692
2018-07-28 16:40:00,8121.84,8179.25,8121.84,8157.0,205.89015088000008,1679364.297323326,8156.603364199378
2018-07-28 17:20:00,8149.14,8188.63,8149.1,8159.34,61.03073035,498870.50035475136,8174.087013113245
2018-07-28 18:00:00,8159.34,8217.0,8157.76,8184.22,124.50869001999993,1020984.8937554393,8200.109515178721
2018-07-28 18:40:00,8182.64,8183.28,8161.62,8174.84,29.952289000000004,244699.9512407085,8169.657792788674
2018-07-28 19:20:00,8174.84,8206.59,8169.06,8204.99,34.14186392999999,279542.66084677144,8187.680128416806
2018-07-28 20:00:00,8203.63,8214.8,8185.88,8192.48,16.299064089999995,133708.62011357184,8203.453853255687
2018-07-28 20:40:00,8186.67,8195.51,8162.46,8175.41,30.459298470000004,249249.05570477637,8183.020234371679
2018-07-28 21:20:00,8171.45,8179.62,8157.37,8163.22,9.503229809999992,77647.3209514277,8170.624356544711
2018-07-28 22:00:00,8168.98,8180.36,8163.25,8169.17,14.58213514,119137.01497398336,8170.066580111488
2018-07-28 22:40:00,8169.17,8190.75,8169.17,8181.7,10.250388659999992,83840.646489868,8179.2651255301835
2018-07-28 23:20:00,8188.22,8196.98,8173.93,8176.88,9.646542159999997,78976.61871883259,8187.039190717911
2018-07-29 00:00:00,8177.33,8259.0,8174.39,8237.74,98.30929515999999,809448.0824850322,8233.688189582095
2018-07-29 00:40:00,8231.07,8299.99,8225.97,8270.26,331.2243770500002,2741075.3481748863,8275.584582837348
2018-07-29 01:20:00,8276.92,8281.99,8231.07,8237.09,143.18620884000006,1182144.7095174694,8255.995595486631
2018-07-29 02:00:00,8240.63,8274.98,8237.09,8269.67,106.19845623999996,876748.23774314,8255.753132246664
2018-07-29 02:40:00,8261.34,8288.98,8240.07,8245.56,113.25144915000004,935687.5014251888,8262.035571711609
2018-07-29 03:20:00,8252.15,8252.32,8230.61,8238.54,256.75835528,2115888.3030227786,8240.776821908526
2018-07-29 04:00:00,8238.54,8243.39,8216.44,8223.95,152.76783266999993,1257626.2596194937,8232.271399281704
2018-07-29 04:40:00,8224.2,8240.45,8191.14,8196.58,135.02749075999998,1108750.6178591861,8211.295430423848
2018-07-29 05:20:00,8196.6,8201.68,8185.27,8188.36,102.22282038000003,837337.2827681028,8191.295051881864
2018-07-29 06:00:00,8185.29,8230.72,8185.29,8202.3,91.33585916999999,749354.62655742,8204.38580604661
2018-07-29 06:40:00,8202.3,8225.87,8193.48,8204.77,144.59736894999998,1187069.8726252064,8209.48459328939
2018-07-29 07:20:00,8204.77,8221.76,8193.49,8217.63,83.37112872000002,683658.1359460417,8200.178484353877
2018-07-29 08:00:00,8217.99,8219.71,8175.0,8179.67,58.49947337999999,479147.82525594486,8190.634848001172
2018-07-29 08:40:00,8179.79,8179.79,8130.01,8143.9,152.0182177400001,1239340.1548865165,8152.576535308325
2018-07-29 09:20:00,8143.88,8155.48,8133.41,8146.67,181.6588558499998,1480243.9038123179,8148.481927215218
2018-07-29 10:00:00,8146.68,8181.87,8141.61,8162.91,138.55208693000006,1130336.8738107302,8158.208936844122
2018-07-29 10:40:00,8162.98,8170.97,8148.71,8150.03,42.15037154000005,343929.50263693073,8159.584128708022
2018-07-29 11:20:00,8152.22,8155.99,8131.99,8140.98,108.23730794000014,881587.7592726037,8144.952752901982
2018-07-29 12:00:00,8135.51,8169.1,8109.74,8169.1,237.5504306800001,1930730.5474019095,8127.665952341555
2018-07-29 12:40:00,8168.67,8209.19,8154.31,8191.98,236.64136598999988,1938953.3572606642,8193.636599201349
2018-07-29 13:20:00,8191.98,8224.99,8190.8,8192.6,73.05935516999996,599669.4090094544,8207.975660531069
2018-07-29 14:00:00,8193.71,8199.16,8170.0,8199.08,144.2342937499999,1180230.1861795923,8182.729332216064
2018-07-29 14:40:00,8199.08,8246.43,8191.49,8233.44,144.24400245999982,1186710.1678370724,8227.102323829082
2018-07-29 15:20:00,8230.35,8233.44,8204.58,8224.84,32.58069547,267670.31653744576,8215.610890931228
2018-07-29 16:00:00,8225.21,8232.21,8199.4,8227.6,41.11469690999999,338034.50298983103,8221.743765490672
2018-07-29 16:40:00,8227.22,8227.22,8182.0,8190.78,72.55653825999998,595204.3555123477,8203.317988786692
2018-07-29 17:20:00,8187.41,8190.33,8166.01,8187.99,59.99914509999999,490445.30409456097,8174.2048703717455
2018-07-29 18:00:00,8190.17,8199.63,8184.55,8190.91,13.17804232,107991.22849328173,8194.785376382199
2018-07-29 18:40:00,8196.18,8197.14,8181.76,8197.14,13.893666510000003,113787.40320791339,8189.875806074272
2018-07-29 19:20:00,8197.14,8225.21,8197.13,8220.53,60.92556511,500486.64094691025,8214.722999175974
2018-07-29 20:00:00,8220.68,8220.68,8205.0,8212.0,57.30288362000001,470377.1104624801,8208.611517384577
2018-07-29 20:40:00,8214.71,8220.0,8203.43,8208.55,29.148493920000014,239366.17527311118,8211.956882920524
2018-07-29 21:20:00,8208.55,8211.41,8191.17,8206.85,31.502575890000013,258377.8522198589,8201.80080264093
2018-07-29 22:00:00,8207.14,8207.32,8171.2,8190.41,40.425469670000034,330860.5124566748,8184.456857460044
2018-07-29 22:40:00,8190.41,8192.66,8176.27,8188.96,19.32951556999999,158168.8242926675,8182.7619383359215
2018-07-29 23:20:00,8183.6,8216.39,8181.31,8203.95,44.26808639000004,362792.7258765718,8195.355965477762
2018-07-30 00:00:00,8199.98,8280.01,8199.93,8216.74,287.26692422,2368333.0918352273,8244.364011853544
2018-07-30 00:40:00,8216.74,8220.88,8069.34,8127.19,803.9220913799992,6535598.152506202,8129.6411960608075
2018-07-30 01:20:00,8127.18,8170.71,8084.26,8147.55,174.90849919,1422390.2767195138,8132.196453040264
2018-07-30 02:00:00,8152.66,8295.0,8149.45,8213.06,478.97868910000307,3945890.179751817,8238.133072613547
2018-07-30 02:40:00,8209.62,8217.17,8195.25,8211.99,34.34531336000004,281760.450879481,8203.752515696384
2018-07-30 03:20:00,8211.99,8231.99,8186.98,8213.99,53.74310595000011,441120.7257219402,8207.949985851894
2018-07-30 04:00:00,8214.69,8214.99,8181.05,8190.01,58.52514360000005,479879.9464074604,8199.551797553555
2018-07-30 04:40:00,8187.0,8196.32,8160.41,8166.58,69.4248817100001,567569.1461119425,8175.298713259294
2018-07-30 05:20:00,8166.58,8191.53,8159.36,8188.94,27.746440749999987,226773.5579555902,8173.06839456842
2018-07-30 06:00:00,8188.43,8188.43,8172.58,8182.78,47.02106843000005,384672.15452950215,8180.846743245765
2018-07-30 06:40:00,8182.77,8184.03,8135.65,8160.02,490.9201119500017,4004500.120745572,8157.131930975797
2018-07-30 07:20:00,8160.02,8167.83,8096.49,8122.85,1689.1483660099907,13711989.383227773,8117.693897793861
2018-07-30 08:00:00,8122.84,8155.92,8111.82,8155.0,628.1312453700011,5106546.790843889,8129.744903608281
2018-07-30 08:40:00,8155.0,8185.95,8150.19,8164.8,127.98928227999966,1045639.937220286,8169.746080244125
2018-07-30 09:20:00,8165.68,8167.33,8142.91,8154.97,47.09254497000004,384095.6631132934,8156.188274767879
2018-07-30 10:00:00,8154.99,8174.15,8154.33,8159.51,101.43830522999995,828039.9632157158,8162.990907017111
2018-07-30 10:40:00,8161.99,8169.98,8137.56,8138.6,312.14625062000044,2545636.279551312,8155.267841580804
2018-07-30 11:20:00,8144.14,8150.0,8117.95,8127.59,145.0757287899996,1180170.7065849314,8134.859748271574
2018-07-30 12:00:00,8124.9,8162.99,8118.65,8161.81,140.26158765999978,1141614.2418281254,8139.179520735558
2018-07-30 12:40:00,8161.8,8170.99,8131.35,8131.35,95.73871053999989,780548.5472042641,8152.904324715642
2018-07-30 13:20:00,8130.64,8144.81,8117.52,8140.0,172.36316286000016,1402426.3276413584,8136.462016425527
2018-07-30 14:00:00,8137.71,8140.0,8099.6,8120.34,131.58631440999974,1067734.3086306741,8114.326428383748
2018-07-30 14:40:00,8121.36,8140.0,8118.52,8131.55,114.17050528999998,928312.3904431553,8130.9300338575695
2018-07-30 15:20:00,8131.55,8210.31,8127.55,8151.0,390.5119373900019,3192606.3273295118,8175.438499184918
2018-07-30 16:00:00,8152.29,8160.0,8106.06,8117.89,142.22144001999985,1156108.7185090866,8128.934135011636
2018-07-30 16:40:00,8117.18,8130.04,8069.34,8095.3,302.3071173100011,2448029.088286639,8097.82154674283
2018-07-30 17:20:00,8097.83,8123.42,8069.34,8076.55,301.640484650001,2444965.610333887,8105.561868364009
2018-07-30 18:00:00,8076.55,8094.89,7879.0,7906.35,1080.7559677199865,8633105.330486605,7988.024668232375
2018-07-30 18:40:00,7912.0,7954.96,7853.01,7944.37,643.0763661799976,5084560.307116971,7906.619764803794
2018-07-30 19:20:00,7950.0,8019.99,7933.22,8009.89,444.50421841000525,3547087.452638404,7979.873543892027
2018-07-30 20:00:00,8011.23,8150.33,8006.81,8111.99,787.5749296700063,6374141.001920413,8093.377228997343
2018-07-30 20:40:00,8113.99,8191.14,8063.22,8131.59,878.8695518700058,7144333.231092249,8129.003008342895
2018-07-30 21:20:00,8125.74,8162.45,8102.26,8136.72,207.0058158999995,1683790.222473707,8134.023747850222
2018-07-30 22:00:00,8136.18,8136.18,8108.53,8121.97,210.11131729000002,1705535.364831525,8117.294141169509
2018-07-30 22:40:00,8120.01,8198.69,8119.97,8156.09,248.93809558999993,2031608.5075415808,8161.099259342098
2018-07-30 23:20:00,8156.09,8170.74,8151.01,8164.77,125.71793104000007,1025663.6432514343,8158.451501441713
2018-07-31 00:00:00,8164.45,8191.31,8154.61,8160.21,77.97955573999998,636833.7716778686,8166.676068291598
2018-07-31 00:40:00,8162.28,8162.37,8112.04,8138.3,175.11566818999998,1424776.884913925,8136.2044849581725
2018-07-31 01:20:00,8138.3,8138.3,8101.04,8115.51,113.75484850000004,923354.453209269,8117.05580364136
2018-07-31 02:00:00,8115.51,8137.41,8101.48,8109.24,131.41408016999966,1066964.0169436976,8119.099685235047
2018-07-31 02:40:00,8109.23,8133.57,8109.23,8125.99,76.15723120000017,618482.3407160065,8121.124297334028
2018-07-31 03:20:00,8125.99,8126.49,8101.48,8102.17,65.0285518100001,527420.1395037523,8110.5933443630165
2018-07-31 04:00:00,8105.5,8118.02,8101.44,8115.4,88.04314269999972,713840.1927338314,8107.845436256032
2018-07-31 04:40:00,8117.19,8119.67,8071.93,8096.84,125.78009059999972,1018285.9158613073,8095.76389239228
2018-07-31 05:20:00,8096.84,8114.64,8096.84,8112.4,37.37967402,302980.02098155447,8105.475206109206
2018-07-31 06:00:00,8111.8,8127.53,8108.03,8120.11,82.43878754999989,669131.1226202102,8116.702616646029
2018-07-31 06:40:00,8122.65,8144.99,8120.28,8137.62,136.66009598000008,1111236.1185903265,8131.386932092844
2018-07-31 07:20:00,8137.62,8139.34,8102.61,8115.95,323.42431376,2627796.284356004,8124.91879106524
2018-07-31 08:00:00,8115.95,8125.0,8111.82,8118.06,228.43515345999967,1854567.7239990265,8118.574115711889
2018-07-31 08:40:00,8118.04,8126.27,8080.5,8092.21,127.97595488999978,1037119.0332696297,8104.0148062272565
2018-07-31 09:20:00,8092.2,8094.2,7976.81,7982.98,397.002632850003,3189047.1145351455,8032.810995840531
2018-07-31 10:00:00,7981.62,8063.7,7970.0,8016.52,385.1599825700013,3087648.8910406376,8016.53606493107
2018-07-31 10:40:00,8010.98,8020.48,7929.53,7954.75,471.098788150002,3754776.324111796,7970.252563919231
2018-07-31 11:20:00,7951.71,7984.95,7929.8,7964.25,281.7191416499995,2242666.808705121,7960.647599485276
2018-07-31 12:00:00,7964.25,8030.73,7946.64,7974.72,250.83362874999943,2006304.2438051251,7998.545704590377
2018-07-31 12:40:00,7974.72,7978.3,7756.0,7820.0,1188.0090789699966,9330261.957546731,7853.695836765882
2018-07-31 13:20:00,7819.99,7840.03,7755.55,7811.58,1350.0363704599943,10525495.356341468,7796.453182039196
2018-07-31 14:00:00,7811.58,7832.92,7713.24,7729.18,725.5067706800029,5640777.551023518,7774.948186543498
2018-07-31 14:40:00,7729.14,7772.99,7657.13,7741.35,838.6750299300055,6479094.967204811,7725.393908228729
2018-07-31 15:20:00,7743.05,7744.37,7660.0,7723.0,601.3507196900015,4632430.083208533,7703.3749715915665
2018-07-31 16:00:00,7723.0,7768.54,7704.26,7750.0,303.5415520400014,2349032.9638874996,7738.7525632007655
2018-07-31 16:40:00,7749.22,7780.0,7708.48,7774.7,369.02316144000145,2857642.5631350502,7743.802724967081
2018-07-31 17:20:00,7774.63,7833.79,7735.73,7760.18,466.7114835700016,3632041.670513069,7782.199063821198
2018-07-31 18:00:00,7761.22,7768.0,7705.0,7724.58,370.9899613700008,2870044.0155741726,7736.1770247787945
2018-07-31 18:40:00,7725.61,7734.97,7700.0,7710.0,124.90717581999965,963409.4511065088,7713.003234456699
2018-07-31 19:20:00,7709.31,7778.23,7706.06,7749.01,198.08887870999942,1534562.8345264024,7746.839926197929
2018-07-31 20:00:00,7749.01,7768.28,7730.01,7751.32,115.28079400999988,892995.0747343618,7746.26061871937
2018-07-31 20:40:00,7751.96,7752.61,7705.13,7722.25,123.24208828,951856.3306102145,7723.468044842306
2018-07-31 21:20:00,7724.9,7724.9,7668.91,7695.37,263.5671310099994,2028285.0749840843,7695.516004638431
2018-07-31 22:00:00,7694.99,7727.74,7694.99,7710.0,156.91786743000006,1209293.1787747776,7706.535900471848
2018-07-31 22:40:00,7710.0,7718.87,7677.36,7703.95,239.20485090999995,1839964.3663035617,7692.002730311863
2018-07-31 23:20:00,7703.95,7717.21,7665.17,7682.01,221.07883842,1700130.7256819473,7690.155864000342
2018-08-01 00:00:00,7687.56,7777.0,7633.67,7725.43,840.532622020001,6466483.0026036315,7693.315920401907
2018-08-01 00:40:00,7726.85,7761.56,7705.41,7724.78,240.71148964999915,1861268.0522236314,7732.360656859231
2018-08-01 01:20:00,7724.78,7726.13,7607.0,7661.69,725.1850916200032,5544616.652762159,7645.7951450380015
2018-08-01 02:00:00,7662.63,7676.06,7551.0,7551.0,391.46093074000237,2972650.6409581616,7593.735178983965
2018-08-01 02:40:00,7550.0,7575.98,7503.01,7538.07,794.5540672700024,5986323.581932978,7534.192861791402
2018-08-01 03:20:00,7533.22,7564.21,7516.89,7533.1,364.2228494400011,2745713.429662341,7538.553481430181
2018-08-01 04:00:00,7532.48,7552.99,7506.5,7534.99,286.04768143,2154306.6429326665,7531.285106605055
2018-08-01 04:40:00,7534.98,7574.52,7527.06,7554.01,231.19661757999953,1744958.3748076481,7547.508233782231
2018-08-01 05:20:00,7554.01,7554.98,7524.85,7534.95,93.91600580999997,707685.7370861023,7535.3048820859185
2018-08-01 06:00:00,7534.68,7542.54,7451.0,7524.22,953.9070748300053,7149274.554399715,7494.728515011569
2018-08-01 06:40:00,7524.22,7562.13,7516.71,7549.99,231.5065734799996,1745591.506252415,7540.137975404922
2018-08-01 07:20:00,7549.98,7576.96,7533.01,7534.51,191.36418508999995,1445412.503649835,7553.202826171716
2018-08-01 08:00:00,7534.84,7560.0,7520.0,7554.64,297.72840461999994,2243766.0602781307,7536.284833628553
2018-08-01 08:40:00,7554.63,7630.45,7554.57,7625.64,591.2520896900022,4497819.474152145,7607.2787776705945
2018-08-01 09:20:00,7625.65,7652.41,7600.46,7602.6,590.7654960500038,4509899.200528244,7633.992219725905
2018-08-01 10:00:00,7602.6,7619.47,7593.78,7593.8,171.38926770000003,1303606.4255868418,7606.114683147348
2018-08-01 10:40:00,7593.81,7594.16,7532.0,7568.89,307.928072380001,2327165.007670098,7557.495455621343
2018-08-01 11:20:00,7568.9,7572.84,7542.58,7562.5,143.16628507999988,1081892.4505985484,7556.894068977188
2018-08-01 12:00:00,7563.48,7570.0,7524.46,7561.74,353.12211852999985,2664072.990109873,7544.339055282214
2018-08-01 12:40:00,7561.87,7595.73,7553.69,7563.66,233.16013625999997,1766500.807127972,7576.341459837386
2018-08-01 13:20:00,7562.21,7618.0,7552.02,7600.63,200.93852122000013,1523305.2254460608,7580.951707006197
2018-08-01 14:00:00,7600.03,7630.47,7584.0,7623.12,266.71250224,2028713.2617534879,7606.367323298402
2018-08-01 14:40:00,7623.12,7638.02,7588.0,7598.94,133.32117362000002,1014871.2419981633,7612.2285338622205
2018-08-01 15:20:00,7598.94,7601.46,7565.93,7594.0,161.55712096999983,1226280.7084171968,7590.384757134349
2018-08-01 16:00:00,7593.0,7619.47,7590.87,7604.52,94.0251343199999,714940.2365321278,7603.714067548577
2018-08-01 16:40:00,7602.38,7610.0,7538.17,7544.68,233.02797975000033,1764932.884517702,7573.909735694301
2018-08-01 17:20:00,7544.68,7561.99,7525.0,7554.22,158.62899408999996,1196642.2805385597,7543.654219099637
2018-08-01 18:00:00,7554.31,7586.97,7537.76,7542.35,245.5489022699999,1855002.355763149,7554.512924368243
2018-08-01 18:40:00,7542.48,7563.23,7538.03,7549.77,160.91804144999978,1214168.8880483157,7545.262651146425
2018-08-01 19:20:00,7549.77,7557.8,7535.02,7557.79,78.03510668000013,588652.9872962818,7543.437977347568
2018-08-01 20:00:00,7557.8,7570.0,7544.71,7560.4,92.52083596,699187.2460114252,7557.0787785975945
2018-08-01 20:40:00,7560.4,7563.36,7484.21,7486.72,605.8076466500007,4559657.179589281,7526.575811321142
2018-08-01 21:20:00,7486.27,7519.74,7468.31,7495.17,403.76006991000037,3025985.4805521206,7494.513960299799
2018-08-01 22:00:00,7495.16,7510.0,7477.67,7477.67,145.17618105,1087173.4328770363,7488.648792205134
2018-08-01 22:40:00,7480.0,7635.0,7440.0,7613.1,977.4578445200009,7374381.346466985,7544.449500109454
2018-08-01 23:20:00,7610.93,7613.7,7565.52,7595.08,91.27396201999991,692642.8704047316,7588.614048034422
2018-08-02 00:00:00,7594.99,7632.0,7577.63,7602.01,165.4739834399998,1256555.6879620014,7593.675222169431
2018-08-02 00:40:00,7600.22,7679.14,7594.51,7666.76,250.3128515699997,1913907.3775572262,7646.061181249434
2018-08-02 01:20:00,7666.49,7709.98,7643.78,7680.88,220.88127608999966,1697209.5381454264,7683.809004498355
2018-08-02 02:00:00,7678.68,7687.62,7635.83,7677.44,96.9673005999999,742528.766959629,7657.517146142251
2018-08-02 02:40:00,7679.04,7692.11,7662.51,7687.21,45.04560277000006,346065.6412698067,7682.562114592973
2018-08-02 03:20:00,7687.21,7687.21,7633.85,7636.07,142.57641803999962,1093336.8613401612,7668.427053858422
2018-08-02 04:00:00,7632.54,7652.98,7631.29,7647.47,60.993462709999996,465995.2973187651,7640.085947151255
2018-08-02 04:40:00,7645.29,7652.98,7640.73,7640.84,32.36179542000002,247450.68217022295,7646.382994476726
2018-08-02 05:20:00,7640.48,7646.61,7620.56,7641.47,83.70868685999994,638967.4711120449,7633.227745893293
2018-08-02 06:00:00,7641.48,7659.6,7636.65,7655.45,27.35601066000002,209321.34293877764,7651.749574905944
2018-08-02 06:40:00,7655.4,7671.91,7641.13,7641.13,50.19608658999997,384463.1598319746,7659.225767384167
2018-08-02 07:20:00,7641.13,7700.41,7640.62,7691.12,216.0848291899999,1659163.5510450948,7678.297256056875
2018-08-02 08:00:00,7687.45,7700.97,7660.35,7662.72,292.8725297300007,2253468.6601672857,7694.366768521307
2018-08-02 08:40:00,7664.81,7665.04,7642.67,7656.29,142.25945359999955,1089034.7658128587,7655.271676179573
2018-08-02 09:20:00,7658.88,7661.88,7618.99,7631.19,166.53140117999965,1271708.853947647,7636.450813099737
2018-08-02 10:00:00,7636.45,7653.95,7600.0,7615.84,194.99535698000017,1487075.4858886905,7626.209715553449
2018-08-02 10:40:00,7615.87,7620.97,7564.06,7568.79,265.8399864599994,2015759.890125505,7582.60605173787
2018-08-02 11:20:00,7568.79,7596.25,7550.0,7571.99,164.68603183999983,1246224.7795055541,7567.27674825707
2018-08-02 12:00:00,7571.99,7585.96,7548.4,7562.95,277.17441275999965,2095181.6534099607,7559.073121313477
2018-08-02 12:40:00,7562.35,7575.74,7556.64,7565.22,89.01809814999986,673550.6682341225,7566.446399463136
2018-08-02 13:20:00,7565.22,7567.0,7517.26,7533.36,359.98697241000104,2713892.307202445,7538.862556702478
2018-08-02 14:00:00,7532.47,7532.95,7477.0,7501.97,294.2094519099994,2206923.758564413,7501.199381043425
2018-08-02 14:40:00,7501.97,7549.97,7492.0,7543.88,136.1423328199999,1023971.1857003323,7521.328336970487
2018-08-02 15:20:00,7543.88,7563.34,7533.37,7546.9,106.00623025000112,800544.1137175944,7551.859091957342
2018-08-02 16:00:00,7546.9,7546.91,7511.97,7523.84,79.45727776999998,597752.7183942308,7522.944847475247
2018-08-02 16:40:00,7523.21,7593.58,7455.0,7588.9,496.5429390899782,3737087.4868565607,7526.212121162327
2018-08-02 17:20:00,7588.9,7588.9,7557.88,7564.58,141.71715567999973,1072771.9016421065,7569.809713542711
2018-08-02 18:00:00,7564.58,7573.6,7505.69,7513.28,99.99591839999988,753939.1252725094,7539.698993079204
2018-08-02 18:40:00,7511.29,7529.09,7482.12,7513.12,143.23042217999975,1074475.1324618114,7501.724257375315
2018-08-02 19:20:00,7508.1,7537.97,7494.43,7515.47,101.96782958999978,766547.7120523305,7517.5446524117015
2018-08-02 20:00:00,7513.76,7562.38,7512.97,7537.99,160.0326513899998,1207524.9696502427,7545.491242955805
2018-08-02 20:40:00,7539.45,7576.99,7532.98,7570.35,76.10633747999988,575105.3358227186,7556.602444229451
2018-08-02 21:20:00,7570.36,7574.97,7540.06,7546.31,77.09061025000001,582762.0158823843,7559.442245852298
2018-08-02 22:00:00,7546.31,7567.89,7519.35,7533.72,53.57562281000003,403632.71795258165,7533.887555241683
2018-08-02 22:40:00,7526.96,7564.99,7515.73,7553.57,41.391993330000005,312247.9074790374,7543.678918519901
2018-08-02 23:20:00,7553.48,7576.47,7541.09,7544.8,49.35276228000005,372840.85779668455,7554.6097233908295
2018-08-03 00:00:00,7544.81,7555.43,7536.37,7537.17,25.568033150000016,192929.3252899345,7545.724153206301
2018-08-03 00:40:00,7535.0,7535.0,7375.65,7400.43,755.3050712000021,5617700.429003174,7437.65750185944
2018-08-03 01:20:00,7400.43,7402.54,7315.0,7331.99,510.76414020000135,3754304.194270549,7350.367613514264
2018-08-03 02:00:00,7332.99,7384.99,7331.11,7342.95,242.82625578999938,1786816.0473773123,7358.413700216108
2018-08-03 02:40:00,7342.94,7352.47,7314.0,7328.9,117.9539339799999,865296.1413008366,7335.882001591866
2018-08-03 03:20:00,7331.07,7375.97,7328.39,7353.44,117.71929636999998,865734.2971679992,7354.225890434613
2018-08-03 04:00:00,7355.99,7361.14,7330.49,7332.59,54.11757813000006,397318.79088357027,7341.769617427072
2018-08-03 04:40:00,7330.2,7332.84,7286.89,7310.0,459.20190248000165,3355172.278991452,7306.529569828101
2018-08-03 05:20:00,7307.12,7369.3,7286.41,7342.89,301.28362452999954,2207789.101696916,7327.94258281064
2018-08-03 06:00:00,7337.65,7343.98,7320.56,7320.56,95.75704868999978,702231.783000664,7333.473541713283
2018-08-03 06:40:00,7320.55,7350.0,7309.23,7349.98,125.58916900000001,921427.1016585311,7336.835723935167
2018-08-03 07:20:00,7349.98,7371.54,7307.07,7309.57,300.4725852900018,2203012.2373779337,7331.824416699085
2018-08-03 08:00:00,7305.0,7394.09,7302.44,7393.06,411.24883969000143,3017491.076667427,7337.385022027068
2018-08-03 08:40:00,7392.14,7423.66,7359.68,7373.48,753.3449887600052,5572953.531214094,7397.611471985887
2018-08-03 09:20:00,7374.36,7394.43,7330.0,7344.91,227.3324488799991,1673677.0092546265,7362.244226463695
2018-08-03 10:00:00,7345.03,7359.76,7329.92,7358.45,118.26133354999936,869464.1043232436,7352.057331195622
2018-08-03 10:40:00,7358.45,7371.99,7349.57,7350.83,137.34128514999966,1011174.1293876846,7362.492117962296
2018-08-03 11:20:00,7350.56,7359.98,7335.49,7337.55,145.60592458999952,1069875.8235774443,7347.749252580381
2018-08-03 12:00:00,7336.59,7375.96,7330.18,7362.35,173.9088446199992,1279155.2158691885,7355.320073939977
2018-08-03 12:40:00,7362.35,7369.99,7349.47,7366.58,103.04757288999998,758380.295889763,7359.516334259614
2018-08-03 13:20:00,7369.59,7404.0,7365.0,7372.66,333.74968836000204,2466338.668639332,7389.78568267304
2018-08-03 14:00:00,7372.66,7444.37,7356.21,7439.69,288.34017028999904,2132246.3193630856,7394.898592237676
2018-08-03 14:40:00,7440.99,7486.81,7422.86,7478.21,671.4563261999924,5005548.629068835,7454.764269475269
2018-08-03 15:20:00,7478.21,7490.0,7440.0,7458.31,419.9251530599999,3136418.3404622665,7468.993742354194
2018-08-03 16:00:00,7459.91,7481.36,7453.22,7480.36,126.68035935999995,946273.0637538135,7469.769335471309
2018-08-03 16:40:00,7480.36,7485.1,7450.96,7471.09,175.4966392,1311226.437692378,7471.518791867428
2018-08-03 17:20:00,7471.09,7491.58,7466.7,7482.0,123.23100031999978,921718.6838398722,7479.60076154865
2018-08-03 18:00:00,7482.0,7542.92,7481.0,7527.51,282.97925221999947,2127161.145020459,7517.021577845991
2018-08-03 18:40:00,7527.5,7532.89,7511.73,7526.92,117.49015616999989,883754.5215003495,7521.945244686029
2018-08-03 19:20:00,7526.92,7526.92,7379.23,7389.6,502.2726401000023,3739538.3014533953,7445.235919497535
2018-08-03 20:00:00,7388.64,7409.6,7357.26,7377.98,248.10176878999934,1831762.5444534067,7383.109573893706
2018-08-03 20:40:00,7377.99,7400.0,7372.74,7378.99,444.46873690000064,3285216.5897329743,7391.333331217181
2018-08-03 21:20:00,7379.0,7434.22,7373.92,7428.03,313.3607232899993,2314246.0504938834,7385.246071034138
2018-08-03 22:00:00,7428.04,7448.86,7408.62,7415.96,134.76062788000013,1001665.8472270166,7432.926537853228
2018-08-03 22:40:00,7415.96,7430.02,7400.04,7423.5,52.542365349999976,389624.7141751221,7415.4391714137455
2018-08-03 23:20:00,7423.51,7435.98,7357.26,7390.98,143.23413115999986,1058546.5395031718,7390.323318404613
2018-08-04 00:00:00,7390.98,7427.08,7387.99,7416.98,56.60772672999998,419384.2748330601,7408.6047799337275
2018-08-04 00:40:00,7416.98,7426.61,7384.23,7409.61,53.94747641999992,399275.13179385976,7401.182748296947
2018-08-04 01:20:00,7411.26,7492.1,7409.29,7442.93,297.04539492000026,2213518.662778742,7451.7858234256855
2018-08-04 02:00:00,7442.99,7472.99,7434.58,7472.99,98.34928134999994,732441.1958177512,7447.346699069211
2018-08-04 02:40:00,7474.99,7494.48,7455.48,7480.99,105.71520609999992,789560.1871963656,7468.74755604687
2018-08-04 03:20:00,7473.24,7481.99,7456.13,7460.79,48.220835650000055,360039.1887054503,7466.465146284744
2018-08-04 04:00:00,7460.99,7464.68,7443.34,7450.7,22.76971696000001,169759.1684500159,7455.479958237294
2018-08-04 04:40:00,7453.99,7455.95,7433.81,7452.99,37.41118822000005,278525.3912202013,7444.975807298774
2018-08-04 05:20:00,7454.97,7472.63,7450.5,7461.49,14.448497340000008,107816.29405883816,7462.111216254555
2018-08-04 06:00:00,7461.99,7462.99,7433.39,7433.39,17.44191498,129960.32685808491,7451.03545150321
2018-08-04 06:40:00,7432.87,7448.21,7412.57,7425.0,28.129426789999993,208877.60094168683,7425.590379109424
2018-08-04 07:20:00,7418.49,7450.98,7406.58,7450.97,26.514239159999992,196819.76732754952,7423.172361833278
2018-08-04 08:00:00,7444.0,7455.33,7435.0,7448.14,11.645104570000006,86700.80026529473,7445.2573391785945
2018-08-04 08:40:00,7448.14,7480.0,7443.67,7460.68,58.17453385,434202.1691300336,7463.784243627997
2018-08-04 09:20:00,7460.99,7469.21,7451.01,7460.3,27.65827303999999,206309.70525696126,7459.240313326566
2018-08-04 10:00:00,7458.01,7462.7,7421.6,7455.41,48.292984529999984,359486.08751671726,7443.857343159267
2018-08-04 10:40:00,7455.41,7460.58,7371.17,7398.99,132.59561140999998,981452.1258632629,7401.844717382891
2018-08-04 11:20:00,7397.99,7410.98,7380.18,7386.9,104.85648571000007,775287.5717320294,7393.797021542664
2018-08-04 12:00:00,7382.56,7419.66,7382.56,7405.13,54.898975919999984,406204.32948079356,7399.123984985141
2018-08-04 12:40:00,7398.62,7405.99,7291.01,7322.82,335.93782371000003,2464105.6053685,7335.004966560869
2018-08-04 13:20:00,7322.82,7322.82,7211.75,7257.99,734.5410200699964,5328313.328805097,7253.935700278996
2018-08-04 14:00:00,7258.0,7283.02,7237.45,7257.33,120.47244512999997,874063.8733782413,7255.301180573304
2018-08-04 14:40:00,7257.32,7257.32,6991.86,7058.99,1606.9666211200006,11407926.923828438,7099.044108257522
2018-08-04 15:20:00,7055.0,7080.0,7022.77,7027.01,400.1941706400004,2823618.039652997,7055.620113449922
2018-08-04 16:00:00,7028.99,7044.65,6955.0,6978.51,709.1907179300015,4960520.507294992,6994.621308318653
2018-08-04 16:40:00,6972.76,7026.32,6962.17,6989.99,240.14501458,1680397.3143522704,6997.427438963036
2018-08-04 17:20:00,6989.99,7000.0,6955.0,6981.24,265.74057081000007,1855487.7388256586,6982.327663291957
2018-08-04 18:00:00,6975.72,6991.99,6926.0,6988.01,275.8000669500004,1917715.078060262,6953.2799584415
2018-08-04 18:40:00,6988.47,7016.37,6959.49,6992.1,144.64789498999994,1011244.680885233,6991.0777543990125
2018-08-04 19:20:00,6992.1,6992.1,6957.16,6962.05,57.42592734,400342.7345773945,6971.463119909184
2018-08-04 20:00:00,6966.99,7003.99,6965.99,6991.01,103.59286061000006,724036.7227846349,6989.253106065323
2018-08-04 20:40:00,6991.99,7000.0,6970.88,6985.78,90.41180346000004,631633.2975954915,6986.181819445052
2018-08-04 21:20:00,6985.77,6992.73,6970.0,6992.01,187.70961322999992,1309755.3877464654,6977.561592125955
2018-08-04 22:00:00,6991.91,7039.28,6980.0,6987.54,231.07516901000008,1618198.1058991454,7002.907810614284
2018-08-04 22:40:00,6985.79,7025.62,6985.79,7008.17,43.81994388,306811.74671672395,7001.6462722298675
2018-08-04 23:20:00,7013.99,7022.91,6992.3,7013.15,75.63293956999993,529868.3535358838,7005.7881730945965
2018-08-05 00:00:00,7013.14,7013.14,6987.45,7009.99,20.33164033000001,142319.3491294453,6999.895080745077
2018-08-05 00:40:00,7009.94,7026.3,7000.44,7004.99,170.35358993999992,1194979.23123641,7014.699435787016
2018-08-05 01:20:00,7004.99,7006.39,6894.67,6929.0,795.7687718600002,5518432.523462888,6934.718625065306
2018-08-05 02:00:00,6934.34,6971.36,6916.59,6931.31,136.35119344000003,945794.9779158994,6936.462777145305
2018-08-05 02:40:00,6931.31,6956.29,6905.66,6954.9,142.77029742000013,989121.1686071395,6928.059872967508
2018-08-05 03:20:00,6954.9,6967.4,6937.5,6966.99,116.29276924000017,808543.308514625,6952.653323148466
2018-08-05 04:00:00,6966.99,7009.62,6955.8,7005.99,283.78137753999965,1983585.7987584602,6989.8377968049335
2018-08-05 04:40:00,7011.41,7012.11,6965.0,6981.03,218.1602067899998,1523771.8934857796,6984.64635648497
2018-08-05 05:20:00,6980.85,6990.93,6966.79,6990.8,46.59559976999995,325171.40641402866,6978.5861330062025
2018-08-05 06:00:00,6990.83,7002.01,6975.18,6979.77,39.28486566000002,274583.13746123377,6989.539937279592
2018-08-05 06:40:00,6979.77,6979.77,6953.41,6966.99,38.35405325000003,267204.53931429633,6966.787514545053
2018-08-05 07:20:00,6966.99,6978.61,6960.75,6974.9,34.96809455999999,243704.99222922412,6969.3529285978975
2018-08-05 08:00:00,6974.9,6977.14,6934.39,6937.68,39.79685939000001,276697.98478532874,6952.7593138381235
2018-08-05 08:40:00,6937.68,7011.87,6929.32,6982.58,183.10140084000017,1277761.767056632,6978.437964945888
2018-08-05 09:20:00,6985.75,7013.95,6980.42,6986.85,44.79604821999999,313171.29116860864,6991.047282353531
2018-08-05 10:00:00,6988.7,7086.8,6981.9,7068.02,245.61404132000013,1732017.9593515024,7051.787226997049
2018-08-05 10:40:00,7070.37,7084.31,7031.68,7044.51,186.27817697999996,1313948.5397636679,7053.690137330161
2018-08-05 11:20:00,7042.88,7049.0,7021.04,7027.11,126.17806113000006,888207.2983647084,7039.3164264078905
2018-08-05 12:00:00,7021.2,7040.94,7021.2,7031.96,87.91399058999998,617711.1673178573,7026.312458032368
2018-08-05 12:40:00,7022.2,7061.61,7022.2,7051.0,31.266891169999997,220294.3565384217,7045.61113353636
2018-08-05 13:20:00,7051.0,7052.25,6974.67,6984.78,198.46414258000016,1392477.2151545852,7016.265996731791
2018-08-05 14:00:00,6979.46,6989.65,6950.0,6965.42,357.0552849200001,2490299.3403916066,6974.548327857883
2018-08-05 14:40:00,6969.99,6974.82,6888.88,6924.99,583.9690510099999,4038393.0050177397,6915.422997217341
2018-08-05 15:20:00,6926.5,7016.99,6903.12,6990.6,302.2870326900001,2107508.8776458525,6971.8798682546685
2018-08-05 16:00:00,6989.19,7044.88,6986.68,7002.12,187.20564350999976,1313334.0918933707,7015.462072986159
2018-08-05 16:40:00,6997.62,7038.0,6994.44,7026.81,99.34976966000006,697633.6479867732,7021.995625900807
2018-08-05 17:20:00,7026.8,7026.8,6946.64,6960.75,177.1956497900001,1236301.395393642,6977.0414615642085
2018-08-05 18:00:00,6960.99,7006.99,6951.47,6989.2,62.849469340000006,438804.6888758122,6981.83601999864
2018-08-05 18:40:00,6986.0,7009.99,6967.49,6996.78,85.32435215,596539.5580709147,6991.433782259485
2018-08-05 19:20:00,6991.75,7051.5,6991.75,7012.74,223.79309112000007,1572387.597962158,7026.07748118117
2018-08-05 20:00:00,7017.77,7025.75,7002.95,7013.18,31.369955920000006,220034.05726043106,7014.165331362411
2018-08-05 20:40:00,7013.17,7050.99,6998.69,7050.99,129.08563568000002,905726.6292839341,7016.478824407754
2018-08-05 21:20:00,7050.95,7079.19,7023.81,7057.3,324.95930945,2293874.2628259934,7058.958448392879
2018-08-05 22:00:00,7055.18,7059.57,7026.44,7046.23,78.64821168999997,553890.1054760801,7042.628097626619
2018-08-05 22:40:00,7046.23,7058.59,7005.0,7019.7,122.89431697999997,862823.852807122,7020.860475977416
2018-08-05 23:20:00,7016.17,7040.0,7015.92,7029.06,23.779324839999983,167117.73466531554,7027.858687737059
2018-08-06 00:00:00,7029.35,7043.18,7013.87,7032.61,83.27861416000009,585410.6483644041,7029.543590142801
2018-08-06 00:40:00,7028.89,7075.62,7023.01,7068.04,167.24965811999994,1181046.1426877712,7061.575826004873
2018-08-06 01:20:00,7073.03,7073.03,7035.1,7056.98,117.32482858999997,827412.3182106065,7052.320707853392
2018-08-06 02:00:00,7051.3,7157.93,7044.58,7119.72,278.52340109000005,1981523.180998732,7114.386702316754
2018-08-06 02:40:00,7123.4,7146.19,7118.88,7130.66,81.87232389999978,583820.6845002988,7130.867388268924
2018-08-06 03:20:00,7130.99,7143.99,7103.54,7112.13,113.44130709999986,808709.5394561102,7128.88065317533
2018-08-06 04:00:00,7112.99,7119.99,7088.29,7095.56,43.90339218000009,311769.2192154778,7101.255819533287
2018-08-06 04:40:00,7094.01,7115.1,7091.99,7100.55,82.43158114000003,585548.3128934434,7103.446334469318
2018-08-06 05:20:00,7102.09,7104.99,7069.13,7069.44,74.23630725000008,526196.6969041863,7088.131352387355
2018-08-06 06:00:00,7069.13,7093.14,7065.01,7084.68,249.9869132399995,1769233.7311981574,7077.305400781551
2018-08-06 06:40:00,7084.68,7107.14,7084.68,7098.02,82.61143307999988,586542.2526858968,7100.013046836951
2018-08-06 07:20:00,7098.01,7098.01,7075.0,7083.5,112.4311072799999,796129.4532745786,7081.042538270902
2018-08-06 08:00:00,7082.68,7086.85,6990.17,7014.57,343.9987766700003,2414648.299059645,7019.351412915135
2018-08-06 08:40:00,7014.57,7014.57,6964.01,6983.25,233.6149419799992,1632630.8119918043,6988.554748058799
2018-08-06 09:20:00,6985.99,7008.86,6952.29,6990.0,222.32789909999968,1552427.2120067684,6982.60190597362
2018-08-06 10:00:00,6989.25,6995.48,6953.65,6962.15,74.10643511999993,516788.76635641,6973.601759679551
2018-08-06 10:40:00,6962.15,6985.49,6947.01,6965.02,107.78306739999982,750161.4903311551,6959.919664813291
2018-08-06 11:20:00,6963.45,6990.48,6960.0,6969.02,50.429514360000056,351826.57652834913,6976.6005283487875
2018-08-06 12:00:00,6974.64,6989.27,6921.6,6979.3,225.61828087999973,1570452.5737919712,6960.6619094276875
2018-08-06 12:40:00,6979.3,6987.45,6945.11,6964.28,111.74960219999984,779249.6913775741,6973.176423330258
2018-08-06 13:20:00,6964.15,6977.08,6929.99,6944.45,163.01899936999965,1132313.8704157027,6945.901243361957
2018-08-06 14:00:00,6942.77,6945.23,6843.35,6922.3,913.5444346100011,6283324.586644369,6877.962744446872
2018-08-06 14:40:00,6922.27,6960.0,6907.65,6921.4,174.79746929999988,1213000.5437730558,6939.462845947831
2018-08-06 15:20:00,6922.83,6951.66,6909.53,6931.93,101.1641327500001,701196.2466802181,6931.273244965542
2018-08-06 16:00:00,6935.51,6981.41,6935.51,6970.8,143.60826516999978,1000213.8861744686,6964.876882193661
2018-08-06 16:40:00,6970.8,6975.15,6905.57,6944.5,557.2834144400006,3864651.4038332445,6934.804273184284
2018-08-06 17:20:00,6944.5,6944.89,6901.86,6938.99,153.14413791999982,1060212.7672234206,6922.973230469061
2018-08-06 18:00:00,6939.73,6947.42,6915.93,6922.92,73.21353701000008,507343.571979492,6929.641603166843
2018-08-06 18:40:00,6921.29,6924.98,6900.0,6917.98,179.09056619000003,1237061.9911144795,6907.465967816868
2018-08-06 19:20:00,6917.98,6950.0,6900.0,6932.88,241.17036850000008,1667697.4608424078,6915.018089556086
2018-08-06 20:00:00,6935.54,6940.31,6925.31,6938.84,40.97320833000005,284038.4573020756,6932.2971980719
2018-08-06 20:40:00,6938.84,6947.7,6912.89,6913.32,186.74996556000045,1294518.3732271574,6931.826570062979
2018-08-06 21:20:00,6913.31,6922.08,6850.0,6883.17,447.76310160999947,3083604.375491453,6886.687099503934
2018-08-06 22:00:00,6883.17,6895.0,6839.16,6862.35,367.79533488000027,2525465.995176007,6866.498173501806
2018-08-06 22:40:00,6862.35,6899.5,6835.06,6864.97,462.6846465799996,3177942.136779234,6868.484096607597
2018-08-06 23:20:00,6861.68,6938.78,6854.07,6924.13,263.02854920000084,1815627.3903340772,6902.776888122194
2018-08-07 00:00:00,6924.13,6945.65,6917.96,6936.11,74.97206244999995,519699.0584525979,6931.902917826135
2018-08-07 00:40:00,6932.18,6989.0,6929.97,6951.12,415.4377243100003,2890748.2012141296,6958.318977929526
2018-08-07 01:20:00,6950.73,6968.55,6943.22,6946.01,137.31161484999987,955137.1378934352,6955.982120935898
2018-08-07 02:00:00,6941.2,6943.9,6900.87,6913.38,112.63802170999973,779327.2620164923,6918.864963937
2018-08-07 02:40:00,6913.39,6954.43,6913.38,6953.57,132.7433818599998,920979.5646420651,6938.045059100519
2018-08-07 03:20:00,6953.57,6964.66,6930.0,6948.56,169.21432774999968,1175176.7771540124,6944.901136801133
2018-08-07 04:00:00,6948.56,6957.19,6925.8,6927.12,71.38792997000002,495715.08433306275,6943.962159168665
2018-08-07 04:40:00,6929.36,6954.95,6929.36,6954.59,88.65975946999984,615451.136066979,6941.718991187109
2018-08-07 05:20:00,6954.56,6966.25,6943.26,6951.58,107.83043384000014,750183.4110634724,6957.065684967955
2018-08-07 06:00:00,6951.58,6959.41,6919.92,6926.9,97.62189996000001,677621.1730644855,6941.28236944924
2018-08-07 06:40:00,6926.9,6948.41,6917.38,6939.16,153.7632958699998,1065870.0600089782,6931.888744828448
2018-08-07 07:20:00,6937.19,7060.0,6937.19,7055.43,504.36075750000265,3540997.023805697,7020.762363347982
2018-08-07 08:00:00,7051.75,7069.13,7010.79,7020.97,276.9306291900002,1948411.7619364231,7035.739483333319
2018-08-07 08:40:00,7020.97,7047.74,7013.29,7038.65,125.90898359999993,885852.2323865955,7035.65549540816
2018-08-07 09:20:00,7037.01,7065.99,7035.82,7052.36,201.48558151999973,1419989.4212386718,7047.598197976869
2018-08-07 10:00:00,7052.36,7065.97,7040.0,7060.78,78.20232634000006,551831.6509502499,7056.460808480975
2018-08-07 10:40:00,7057.32,7063.84,7035.0,7050.69,108.48420906999996,763903.4637446839,7041.609744804163
2018-08-07 11:20:00,7050.99,7064.92,7037.83,7060.92,115.28256187999997,812848.5576760018,7050.923786045914
2018-08-07 12:00:00,7058.22,7120.0,7051.82,7082.3,320.11844868,2269803.370212091,7090.510964212047
2018-08-07 12:40:00,7082.3,7112.79,7066.09,7097.28,205.60820755999993,1457259.038377772,7087.552854389432
2018-08-07 13:20:00,7097.28,7155.0,7089.43,7127.59,389.78492270000163,2775656.906238295,7120.99607909817
2018-08-07 14:00:00,7127.6,7136.23,7061.31,7063.85,273.1175033399999,1938033.7470826805,7095.970501275603
2018-08-07 14:40:00,7063.85,7080.0,7046.42,7065.99,153.8505636899997,1086687.307367886,7063.265036568214
2018-08-07 15:20:00,7065.99,7107.6,7065.99,7085.69,157.4407875199998,1115741.5705878001,7086.737739075822
2018-08-07 16:00:00,7089.95,7122.28,7089.9,7112.21,121.50898420000003,863438.4309544542,7105.963700044281
2018-08-07 16:40:00,7112.21,7140.0,7096.63,7112.53,238.35176451999996,1695450.324251586,7113.227492424634
2018-08-07 17:20:00,7111.39,7130.0,7091.0,7091.72,82.39675656999995,585812.4627531936,7109.654398295619
2018-08-07 18:00:00,7091.72,7115.54,7083.48,7114.0,107.0473738499999,760394.0096963742,7103.341094213821
2018-08-07 18:40:00,7114.0,7114.0,7067.01,7096.84,197.9033685799998,1402990.7649856454,7089.27177466666
2018-08-07 19:20:00,7096.85,7102.05,7090.64,7090.65,56.91348682,403872.85423870815,7096.259196278639
2018-08-07 20:00:00,7090.64,7102.29,6989.61,6999.8,394.78447694999966,2776686.072932737,7033.422626909442
2018-08-07 20:40:00,6999.79,7005.0,6851.0,6879.29,1361.632847049991,9405635.409548853,6907.614949159298
2018-08-07 21:20:00,6879.29,6903.89,6671.0,6684.88,1660.671297249991,11241807.945604432,6769.435928844222
2018-08-07 22:00:00,6687.79,6761.79,6679.59,6759.43,404.08856210000147,2714617.414549736,6717.877389159899
2018-08-07 22:40:00,6752.14,6777.34,6726.1,6771.43,294.7873060500005,1987050.2316059258,6740.623462493637
2018-08-07 23:20:00,6775.57,6796.0,6700.1,6713.26,531.9457087800014,3582978.353487302,6735.6090938391735
2018-08-08 00:00:00,6713.26,6744.99,6704.64,6717.68,190.1771588499995,1278756.9590188626,6724.030197693039
2018-08-08 00:40:00,6717.67,6717.68,6558.95,6614.37,1320.9248005199865,8747573.45786444,6622.309956192001
2018-08-08 01:20:00,6619.99,6640.0,6584.99,6597.11,200.34009960999956,1324352.5222504374,6610.5214324468425
2018-08-08 02:00:00,6598.24,6612.53,6566.89,6578.95,112.68073202999967,742929.4876018573,6593.225604924742
2018-08-08 02:40:00,6578.99,6610.0,6558.96,6610.0,242.60058997999943,1598298.792838885,6588.190049210732
2018-08-08 03:20:00,6610.0,6620.0,6591.99,6596.66,276.9964020600001,1829958.837460698,6606.435404400348
2018-08-08 04:00:00,6595.51,6602.99,6571.57,6587.01,125.0307843999999,823835.0674364935,6589.057817960023
2018-08-08 04:40:00,6589.55,6589.55,6457.0,6500.98,1006.9197419800028,6555130.213929569,6510.082125353495
2018-08-08 05:20:00,6500.02,6503.63,6457.0,6457.0,318.83829046000017,2067553.6819016833,6484.6467433969265
2018-08-08 06:00:00,6457.0,6558.94,6390.99,6533.94,954.6845068400039,6175441.093772173,6468.567416279563
2018-08-08 06:40:00,6533.99,6558.95,6511.37,6526.0,190.5596965999997,1245054.941086358,6533.674031292301
2018-08-08 07:20:00,6525.99,6553.16,6504.21,6508.99,255.68135200999996,1671136.47344689,6536.012346264229
2018-08-08 08:00:00,6510.2,6532.98,6457.0,6457.0,376.7471997399995,2450592.120425636,6504.60606506654
2018-08-08 08:40:00,6457.01,6493.77,6426.98,6475.05,421.77215810000035,2726892.6045186836,6465.321506290961
2018-08-08 09:20:00,6475.04,6523.93,6475.0,6477.33,330.19566696999914,2144878.971484903,6495.781701701681
2018-08-08 10:00:00,6477.34,6515.0,6477.34,6495.77,139.1873606099999,904137.9007748516,6495.833363118561
2018-08-08 10:40:00,6495.99,6496.48,6440.0,6478.51,271.7922556800002,1757422.1734069323,6466.049479629275
2018-08-08 11:20:00,6479.94,6523.93,6466.61,6505.98,151.41777929999992,983100.7951794516,6492.637784838073
2018-08-08 12:00:00,6504.03,6539.37,6490.12,6506.91,157.39919094999996,1024835.5311230819,6511.059713443096
2018-08-08 12:40:00,6509.51,6518.81,6466.23,6492.92,287.4037147700007,1865154.2426283157,6489.6664405362135
2018-08-08 13:20:00,6492.0,6513.29,6476.26,6486.5,217.84368864999968,1414857.5592316708,6494.829242011519
2018-08-08 14:00:00,6486.99,6493.99,6451.12,6465.35,309.1662829299998,1999895.5214657881,6468.6727883538215
2018-08-08 14:40:00,6465.34,6492.27,6415.31,6452.95,408.29011434000046,2635858.1960132704,6455.846231482058
2018-08-08 15:20:00,6452.95,6493.77,6450.85,6488.14,198.1767258899998,1282749.7916084786,6472.757009420386
2018-08-08 16:00:00,6488.99,6500.0,6464.55,6483.01,186.7252779599997,1210273.1853939875,6481.571207800009
2018-08-08 16:40:00,6483.01,6495.2,6354.0,6356.9,694.337483970002,4464380.50709683,6429.69825216826
2018-08-08 17:20:00,6357.9,6375.77,6181.0,6257.92,1480.8527630399844,9283599.00227063,6269.089833895906
2018-08-08 18:00:00,6257.45,6280.99,6223.9,6242.89,411.3108083100017,2573139.425751155,6255.948965512718
2018-08-08 18:40:00,6244.66,6268.41,6121.0,6188.05,882.8782105000063,5483302.565145722,6210.712304294299
2018-08-08 19:20:00,6188.6,6350.17,6167.12,6329.98,1228.198932049995,7700829.492447538,6270.018065879632
2018-08-08 20:00:00,6327.99,6361.09,6300.0,6338.49,268.56078801999985,1700666.4649967325,6332.519641214648
2018-08-08 20:40:00,6331.83,6340.0,6290.12,6323.45,146.16151438000017,922704.1462713078,6312.907677409539
2018-08-08 21:20:00,6323.38,6326.05,6240.11,6269.7,173.08311300999998,1087754.2668402942,6284.577668633962
2018-08-08 22:00:00,6269.7,6309.4,6265.01,6299.33,100.5258782700002,632357.3972230722,6290.493633138301
2018-08-08 22:40:00,6304.99,6317.84,6252.97,6294.97,88.72192091999982,557661.3809543651,6285.4971485255155
2018-08-08 23:20:00,6294.97,6294.97,6217.18,6248.55,536.3722065800009,3350985.4979062113,6247.50025597459
2018-08-09 00:00:00,6250.83,6286.37,6232.88,6282.99,196.1899907800001,1228764.4336657282,6263.135182281635
2018-08-09 00:40:00,6283.89,6326.64,6262.66,6296.18,200.79341975999924,1264918.6780517155,6299.6022457490135
2018-08-09 01:20:00,6296.56,6310.99,6273.54,6295.42,131.2881697199999,826455.6824812072,6294.9745147929225
2018-08-09 02:00:00,6303.35,6331.5,6287.62,6327.87,200.48309840999985,1262527.4813991943,6297.426024498337
2018-08-09 02:40:00,6322.46,6326.99,6300.03,6324.96,94.90161219999992,599236.4105759405,6314.291155697996
2018-08-09 03:20:00,6324.96,6330.97,6291.0,6291.77,196.07271052000016,1236717.5934582765,6307.4437548111855
2018-08-09 04:00:00,6291.0,6327.61,6277.51,6323.6,104.59092845000006,659081.9752592855,6301.521413249154
2018-08-09 04:40:00,6320.0,6323.6,6294.6,6311.43,98.99947029000006,624095.4873439078,6304.028552029007
2018-08-09 05:20:00,6311.0,6384.41,6311.0,6351.9,257.52669155999956,1637720.4662427392,6359.420285027724
2018-08-09 06:00:00,6352.98,6355.0,6328.3,6348.99,118.7735363500001,752780.3689013094,6337.946920120551
2018-08-09 06:40:00,6346.61,6364.43,6336.82,6348.2,262.27753362999846,1666318.29386362,6353.263547972573
2018-08-09 07:20:00,6348.0,6368.99,6334.37,6356.22,500.69408576000035,3181753.0707772244,6354.684749167072
2018-08-09 08:00:00,6354.97,6357.34,6302.08,6322.99,538.1255588599998,3400862.7901575826,6319.8313742283335
2018-08-09 08:40:00,6322.99,6334.98,6286.37,6300.0,235.78556732999968,1489591.2128793001,6317.567397136335
2018-08-09 09:20:00,6300.77,6328.33,6299.07,6326.87,145.87148078999982,921374.3199280142,6316.3430914535475
2018-08-09 10:00:00,6328.0,6342.75,6314.32,6336.83,103.95649732999995,658010.4882153996,6329.671594519083
2018-08-09 10:40:00,6336.83,6345.0,6308.0,6345.0,68.57961885000005,433687.02426260116,6323.84710698346
2018-08-09 11:20:00,6347.14,6355.0,6313.24,6320.66,134.22405114999975,850956.5322669588,6339.821551921325
2018-08-09 12:00:00,6320.66,6331.81,6312.8,6321.9,138.27286575,874525.7951139879,6324.63781212973
2018-08-09 12:40:00,6323.44,6323.44,6231.61,6254.81,671.3089913000017,4205364.246268701,6264.424133698759
2018-08-09 13:20:00,6255.42,6271.65,6214.99,6243.68,335.2176410900003,2092853.8017082254,6243.268686287096
2018-08-09 14:00:00,6244.73,6477.57,6190.01,6429.76,1252.3044439900004,7932608.448069827,6334.408925992096
2018-08-09 14:40:00,6427.54,6488.0,6401.76,6461.22,761.4271184200011,4912082.410025604,6451.152436254723
2018-08-09 15:20:00,6460.94,6550.0,6449.72,6505.17,495.5060181799995,3226518.6855708202,6511.5630631931945
2018-08-09 16:00:00,6504.37,6504.37,6430.0,6447.24,359.32273752,2321646.8072010246,6461.174216874604
2018-08-09 16:40:00,6449.99,6481.03,6442.48,6477.06,173.1883699799999,1119729.9538895423,6465.387681741278
2018-08-09 17:20:00,6472.88,6484.17,6437.21,6441.28,189.54971349000002,1223988.5754251333,6457.348591506611
2018-08-09 18:00:00,6442.96,6494.16,6440.01,6466.44,186.44076020999967,1205907.7729144988,6468.047928769497
2018-08-09 18:40:00,6472.63,6477.89,6449.29,6465.58,91.82394526999992,593596.1615072422,6464.502911106977
2018-08-09 19:20:00,6465.58,6514.68,6460.68,6494.5,212.2643727199996,1377565.6331158716,6489.857979761089
2018-08-09 20:00:00,6494.5,6496.06,6457.01,6471.6,123.1732580699999,797314.9000475707,6473.116913043358
2018-08-09 20:40:00,6469.16,6500.99,6462.26,6494.49,184.18797969999963,1194027.681475428,6482.658007434729
2018-08-09 21:20:00,6494.49,6624.79,6494.47,6592.41,468.0467939800012,3073553.5219105133,6566.76546328793
2018-08-09 22:00:00,6588.61,6627.0,6568.0,6586.73,135.43529186000015,893631.5938034839,6598.218097593302
2018-08-09 22:40:00,6585.43,6602.27,6577.36,6589.75,56.89378162999992,375013.2559137049,6591.462988917607
2018-08-09 23:20:00,6589.75,6620.99,6574.41,6575.94,65.03543682999998,429257.5805870519,6600.364378409789
2018-08-10 00:00:00,6571.01,6579.96,6525.19,6543.76,192.54315400999985,1260555.9360076112,6546.874868073177
2018-08-10 00:40:00,6544.98,6584.05,6540.89,6560.3,54.94985646000006,360482.31124252646,6560.204784246056
2018-08-10 01:20:00,6558.63,6578.22,6550.31,6561.59,35.07926378999997,230285.47399777282,6564.7179877081735
2018-08-10 02:00:00,6555.34,6563.07,6510.0,6537.07,199.74858503999974,1303645.0704042914,6526.4295621580295
2018-08-10 02:40:00,6535.74,6538.0,6456.86,6483.11,232.4783260299999,1508634.7292995641,6489.356470610874
2018-08-10 03:20:00,6483.12,6486.02,6460.96,6479.67,94.63547509000003,612871.571365069,6476.129282198004
2018-08-10 04:00:00,6480.58,6481.01,6461.84,6465.9,60.379504810000086,390738.85428629216,6471.382226731641
2018-08-10 04:40:00,6465.9,6465.9,6386.43,6403.71,471.62107807000075,3029511.9928483698,6423.614494173884
2018-08-10 05:20:00,6401.89,6441.2,6381.0,6434.36,132.56334374000008,850851.1374734604,6418.449576394639
2018-08-10 06:00:00,6434.36,6439.72,6392.0,6433.31,91.30194220999999,586291.743151125,6421.459707862715
2018-08-10 06:40:00,6436.4,6477.57,6431.11,6452.79,200.7624134899997,1296553.0604135504,6458.146412341939
2018-08-10 07:20:00,6451.17,6481.96,6436.43,6472.72,228.74251633999944,1477660.039777946,6459.927360340717
2018-08-10 08:00:00,6470.01,6475.45,6445.74,6468.04,161.3152696299999,1042760.2122520853,6464.113500500033
2018-08-10 08:40:00,6465.07,6473.34,6390.63,6405.06,322.44174185,2069678.4268393496,6418.767045992961
2018-08-10 09:20:00,6405.0,6437.04,6349.47,6364.31,1443.1921257899985,9211789.85482805,6382.926909184422
2018-08-10 10:00:00,6364.76,6376.14,6321.19,6350.38,427.40545477000114,2713647.015751699,6349.116478197473
2018-08-10 10:40:00,6349.49,6393.52,6339.36,6365.01,218.37182442999992,1390289.2189705442,6366.6144778499465
2018-08-10 11:20:00,6365.63,6400.01,6340.01,6386.15,662.9793958000014,4222912.160210277,6369.597889410409
2018-08-10 12:00:00,6390.44,6392.96,6295.73,6328.93,416.53119103000023,2644147.404870843,6348.017775889443
2018-08-10 12:40:00,6329.71,6526.28,6307.19,6478.99,768.8393972000035,4963223.109986542,6455.474482787755
2018-08-10 13:20:00,6478.34,6526.27,6473.8,6493.2,264.6259830699999,1718621.702386282,6494.531196249407
2018-08-10 14:00:00,6493.2,6515.39,6481.89,6489.18,296.7939452799996,1928172.1476515466,6496.669417674548
2018-08-10 14:40:00,6489.19,6491.79,6413.2,6423.0,562.4322105200008,3621305.3367672157,6438.65210603623
2018-08-10 15:20:00,6423.28,6441.82,6413.2,6431.3,276.99463274999977,1780099.38853895,6426.476104847744
2018-08-10 16:00:00,6431.3,6472.22,6431.3,6451.22,244.1533625199994,1576426.3482959385,6456.705457688743
2018-08-10 16:40:00,6451.22,6460.0,6428.64,6437.27,166.57185898999992,1072953.2641711237,6441.383740788641
2018-08-10 17:20:00,6437.27,6437.27,6361.05,6379.84,395.37526963000005,2525086.4626370682,6386.556410066047
2018-08-10 18:00:00,6379.92,6441.98,6336.58,6417.55,297.67082511000035,1902619.0608382933,6391.688067297846
2018-08-10 18:40:00,6418.8,6418.8,6370.0,6410.56,118.33293941999986,757331.1928703726,6400.003216199778
2018-08-10 19:20:00,6405.16,6425.32,6369.38,6406.99,240.05950477999983,1536539.4131766967,6400.660596983415
2018-08-10 20:00:00,6404.21,6410.58,6381.72,6407.89,228.28441988999984,1460467.6255608583,6397.579065030338
2018-08-10 20:40:00,6404.8,6404.8,6349.47,6366.11,339.68817819000026,2163702.206426648,6369.671791216733
2018-08-10 21:20:00,6370.56,6374.85,5995.75,6061.56,2925.0776045200005,17882510.40193962,6113.516569374611
2018-08-10 22:00:00,6061.56,6144.55,6049.15,6071.46,499.74893354000005,3046496.034664521,6096.053098271752
2018-08-10 22:40:00,6071.46,6134.09,6067.84,6105.26,229.8905332500002,1402641.255387614,6101.344129130697
2018-08-10 23:20:00,6105.26,6192.89,6055.29,6156.52,451.77445852000005,2759195.718014577,6107.462841200942
2018-08-11 00:00:00,6157.34,6176.98,6102.38,6139.99,335.19652338999964,2058569.829224985,6141.3818031455185
2018-08-11 00:40:00,6139.99,6175.5,6100.92,6117.11,220.68324999999967,1353182.787754351,6131.787472562385
2018-08-11 01:20:00,6117.36,6127.47,6070.42,6101.74,188.56952265999968,1150062.5783263235,6098.878345255952
2018-08-11 02:00:00,6101.16,6115.13,6090.16,6101.68,54.80567360999996,334395.47491936357,6101.475502316407
2018-08-11 02:40:00,6104.21,6151.51,6086.87,6130.0,334.90451698999993,2053873.3751132789,6132.713268763127
2018-08-11 03:20:00,6130.0,6142.85,6120.0,6123.96,85.57425848999989,524446.955774159,6128.5597448144445
2018-08-11 04:00:00,6123.97,6123.97,6089.99,6110.29,187.10924715000036,1142068.3279076188,6103.751392853684
2018-08-11 04:40:00,6111.14,6148.18,6100.01,6107.42,72.59371249999992,444377.5367362041,6121.432854618154
2018-08-11 05:20:00,6105.93,6146.68,6000.0,6093.87,632.3279821500006,3837584.301397099,6068.97750807863
2018-08-11 06:00:00,6087.55,6105.86,6068.05,6105.0,129.26084963999998,786964.9359788639,6088.192505082655
2018-08-11 06:40:00,6101.73,6120.62,6076.59,6084.13,62.51934320000004,381267.3408145665,6098.390054976877
2018-08-11 07:20:00,6084.13,6097.64,6055.28,6075.52,124.35341857999994,755269.4184828007,6073.571817383656
2018-08-11 08:00:00,6077.35,6122.68,6062.57,6108.54,147.99216839999985,902857.6162900497,6100.712125859024
2018-08-11 08:40:00,6109.68,6154.72,6109.68,6128.67,201.6589655700003,1236206.550355804,6130.183931379382
2018-08-11 09:20:00,6128.66,6128.67,6091.72,6099.78,65.53632669000002,400292.10100005486,6107.9422851011595
2018-08-11 10:00:00,6109.78,6115.17,6092.75,6110.99,73.00483107000014,445659.8768598189,6104.5258283318435
2018-08-11 10:40:00,6111.0,6139.33,6106.68,6129.7,76.3473516300001,467136.67293969926,6118.570755454227
2018-08-11 11:20:00,6129.7,6178.45,6112.72,6119.66,184.0026506400003,1129989.8779531827,6141.160869274643
2018-08-11 12:00:00,6116.07,6125.35,6081.82,6117.27,90.39636173999999,551449.6562376405,6100.352333025661
2018-08-11 12:40:00,6117.24,6117.91,6068.52,6094.06,95.4196837099999,581055.1246541468,6089.468148103417
2018-08-11 13:20:00,6094.1,6162.04,6072.15,6107.12,215.41302725000008,1317958.4617169183,6118.285781237113
2018-08-11 14:00:00,6108.04,6128.06,6101.39,6111.58,70.07665329000004,428759.04806320893,6118.429290406667
2018-08-11 14:40:00,6113.12,6150.67,6095.78,6126.41,159.6260876400002,977915.6204714173,6126.289473916571
2018-08-11 15:20:00,6126.41,6144.39,6107.06,6120.67,79.58369016999988,487411.10673213593,6124.510005642738
2018-08-11 16:00:00,6117.82,6136.08,6087.05,6114.99,146.3234606700001,894727.5509910566,6114.723824150899
2018-08-11 16:40:00,6115.0,6177.44,6077.54,6109.73,234.26957443000003,1435576.531464538,6127.882952608896
2018-08-11 17:20:00,6108.62,6473.16,6102.92,6408.1,961.4754069500018,6074431.051862306,6317.822596348724
2018-08-11 18:00:00,6409.4,6494.13,6365.34,6452.83,765.0235875099983,4912874.848564343,6421.860618121314
2018-08-11 18:40:00,6454.49,6463.71,6381.25,6405.23,227.74551496000007,1460652.7310047308,6413.530168799467
2018-08-11 19:20:00,6399.28,6416.84,6364.27,6380.21,182.99740999999997,1168299.8455011826,6384.242517427885
2018-08-11 20:00:00,6373.93,6407.11,6373.77,6393.13,57.313811399999985,366228.46267788357,6389.881491599486
2018-08-11 20:40:00,6396.67,6399.89,6380.03,6383.17,46.111376030000024,294640.01546186453,6389.746757289828
2018-08-11 21:20:00,6385.11,6424.89,6378.86,6387.09,98.86125294999992,632266.6522889565,6395.495033921244
2018-08-11 22:00:00,6389.99,6397.65,6383.5,6390.83,39.373631760000016,251513.47643922886,6387.865817720767
2018-08-11 22:40:00,6396.49,6408.35,6389.37,6407.24,14.424100569999991,92268.64080644453,6396.838427371322
2018-08-11 23:20:00,6401.6,6407.19,6386.02,6393.9,61.21577600999998,391409.61595041945,6393.933744897398
2018-08-12 00:00:00,6393.12,6393.12,6223.11,6239.98,431.4805721499999,2714872.1486680587,6291.991630446482
2018-08-12 00:40:00,6240.49,6265.06,6163.44,6252.07,386.1217275600001,2398407.245395633,6211.531427023723
2018-08-12 01:20:00,6255.04,6317.84,6212.01,6256.1,501.76320205999974,3143753.065408234,6265.41175698315
2018-08-12 02:00:00,6265.56,6277.3,6255.36,6267.57,24.575818500000004,154027.4163801552,6267.437903651314
2018-08-12 02:40:00,6265.77,6297.23,6265.77,6281.96,39.144998320000006,245892.76828804574,6281.58842358192
2018-08-12 03:20:00,6281.57,6294.98,6271.79,6271.79,33.69838425999999,211826.69077299413,6285.959859043824
2018-08-12 04:00:00,6269.9,6284.74,6261.41,6281.76,8.93541736,56043.279097510196,6272.038209249376
2018-08-12 04:40:00,6277.89,6277.89,6245.83,6272.0,114.66863737000001,718315.6713340413,6264.273194563742
2018-08-12 05:20:00,6272.0,6277.45,6255.96,6277.19,55.91274893000001,350354.01592079154,6266.084616219056
2018-08-12 06:00:00,6277.42,6388.93,6270.0,6332.24,464.82991460999926,2945597.185409101,6336.935495815735
2018-08-12 06:40:00,6331.85,6335.5,6307.76,6320.98,172.22574787,1089142.6062330175,6323.924382404934
2018-08-12 07:20:00,6320.19,6358.9,6306.22,6309.87,220.84757870000033,1399069.3909397675,6334.999908875005
2018-08-12 08:00:00,6313.71,6340.02,6302.08,6319.35,108.49393970999998,686268.0939997352,6325.404864401668
2018-08-12 08:40:00,6319.35,6328.0,6286.38,6315.3,88.66288095000002,559161.9285634633,6306.60680740561
2018-08-12 09:20:00,6317.89,6319.83,6289.22,6304.23,47.81519247999997,301492.9072883675,6305.37893190486
2018-08-12 10:00:00,6304.01,6336.24,6304.01,6329.15,72.87887655000006,460622.67657904513,6320.3866248270915
2018-08-12 10:40:00,6329.14,6343.49,6306.74,6324.87,103.62123804000004,655537.6570996608,6326.286671527791
2018-08-12 11:20:00,6324.87,6347.3,6296.72,6319.64,90.73015865000002,573708.3562419177,6323.237661856745
2018-08-12 12:00:00,6319.62,6372.47,6302.19,6342.78,120.95654710000002,766826.4878562082,6339.685665979201
2018-08-12 12:40:00,6342.78,6364.42,6309.01,6330.32,101.45311743000016,641746.9980099746,6325.552277412887
2018-08-12 13:20:00,6327.61,6327.61,6185.89,6269.84,464.4242023499996,2899565.771077487,6243.356303150445
2018-08-12 14:00:00,6263.53,6269.29,6244.16,6265.56,104.5554299200001,654260.6498861902,6257.548272593719
2018-08-12 14:40:00,6265.56,6333.63,6265.56,6312.54,328.93392404000025,2075261.012080014,6309.051333445468
2018-08-12 15:20:00,6312.54,6328.5,6287.42,6320.97,155.75092169000013,982735.9311143449,6309.66366330942
2018-08-12 16:00:00,6325.89,6372.58,6291.23,6315.52,341.69018786999925,2164348.735006977,6334.243158982467
2018-08-12 16:40:00,6309.87,6346.92,6242.57,6331.25,300.7805252399998,1894623.3030171455,6299.022523168284
2018-08-12 17:20:00,6330.77,6330.77,6303.6,6320.17,76.31581319000006,482005.0661353008,6315.926490035223
2018-08-12 18:00:00,6321.98,6323.01,6263.06,6299.93,217.65489005000015,1369344.5815518524,6291.356841269607
2018-08-12 18:40:00,6297.71,6325.51,6287.9,6294.98,93.52281025,589914.2024751507,6307.703980432417
2018-08-12 19:20:00,6294.43,6307.31,6275.41,6295.42,113.20417756999996,712277.1937454551,6291.969157277942
2018-08-12 20:00:00,6295.41,6493.77,6208.37,6321.56,1235.6183187899976,7839606.551944989,6344.683008278859
2018-08-12 20:40:00,6321.57,6333.6,6280.0,6325.64,161.08850290000004,1016844.9211082254,6312.337024694176
2018-08-12 21:20:00,6331.16,6365.34,6315.42,6318.43,170.38779579000007,1080028.2000680084,6338.647642341262
2018-08-12 22:00:00,6318.4,6369.0,6317.84,6368.38,74.13891034000014,470717.11225128605,6349.123693517791
2018-08-12 22:40:00,6367.76,6397.21,6315.12,6351.14,264.17148895999964,1678307.4916738851,6353.098505372816
2018-08-12 23:20:00,6351.14,6351.34,6309.18,6315.33,124.10857746000009,786326.1117644538,6335.7918353216555
2018-08-13 00:00:00,6315.33,6323.42,6290.93,6310.82,186.21062770000006,1174588.4233219954,6307.848471540247
2018-08-13 00:40:00,6311.99,6343.41,6311.99,6337.91,119.54882151,756681.4208581061,6329.476203115991
2018-08-13 01:20:00,6338.22,6339.93,6325.0,6332.07,109.22848984999996,691582.0835664739,6331.5173954725715
2018-08-13 02:00:00,6332.07,6333.85,6320.73,6325.52,66.28817172000002,419359.9855365026,6326.316968099093
2018-08-13 02:40:00,6325.52,6326.46,6311.38,6321.66,102.36482764000009,646786.1536752064,6318.441290692587
2018-08-13 03:20:00,6321.66,6344.54,6316.4,6336.95,97.15349027000003,614732.0298326554,6327.431244356212
2018-08-13 04:00:00,6336.95,6363.11,6336.13,6346.14,231.23867392000002,1468018.5500554207,6348.499259095823
2018-08-13 04:40:00,6346.14,6381.25,6342.04,6345.68,222.82999263999994,1416817.378703485,6358.288495716415
2018-08-13 05:20:00,6345.0,6348.4,6330.64,6348.4,68.94281694000001,437333.17043283745,6343.4189353394495
2018-08-13 06:00:00,6348.86,6355.03,6301.83,6328.68,133.23624534999993,842464.9761671276,6323.091542800879
2018-08-13 06:40:00,6328.68,6461.42,6326.14,6415.97,513.6238473499996,3288339.6145297,6402.233135193432
2018-08-13 07:20:00,6414.34,6432.29,6396.01,6400.05,85.84965461,550709.1580643373,6414.809244907425
2018-08-13 08:00:00,6402.38,6438.9,6397.86,6438.26,281.3095243200002,1807839.7296359818,6426.514473713644
2018-08-13 08:40:00,6438.39,6544.37,6432.18,6462.79,1021.780496829999,6628309.333235191,6487.018839955399
2018-08-13 09:20:00,6462.49,6485.73,6443.37,6479.81,168.61751598000018,1090396.2097635795,6466.684101151816
2018-08-13 10:00:00,6478.82,6500.1,6456.58,6457.92,180.42246308999992,1168573.8240004694,6476.875462106684
2018-08-13 10:40:00,6456.79,6472.16,6452.81,6471.78,53.51339859000001,345861.1819635133,6463.076371085577
2018-08-13 11:20:00,6470.37,6471.16,6437.13,6455.31,97.01462677999992,626627.08232912,6459.0990361703125
2018-08-13 12:00:00,6455.31,6458.91,6440.15,6447.24,67.88299478,437782.13603235735,6449.069276497782
2018-08-13 12:40:00,6447.24,6476.53,6440.01,6451.4,83.72075839000007,540366.9638308326,6454.396427151526
2018-08-13 13:20:00,6451.24,6451.42,6385.79,6410.34,343.6408688099999,2205142.5669908985,6416.9974154329375
2018-08-13 14:00:00,6410.34,6420.41,6365.23,6414.74,337.0662074799997,2154118.2912513213,6390.786864563214
2018-08-13 14:40:00,6414.74,6430.18,6357.82,6370.22,352.67405162000017,2257656.003862557,6401.537038214368
2018-08-13 15:20:00,6371.3,6383.49,6351.73,6362.12,174.5260915999999,1111585.9904931833,6369.167958226276
2018-08-13 16:00:00,6361.89,6361.89,6242.66,6293.48,733.5930434899989,4625975.288128268,6305.914879073324
2018-08-13 16:40:00,6293.89,6327.72,6278.22,6305.92,231.11453041999997,1457532.0374144458,6306.535702301802
2018-08-13 17:20:00,6303.76,6304.59,6166.99,6185.64,575.5696884199999,3584933.2057283767,6228.495485176435
2018-08-13 18:00:00,6190.99,6255.04,6142.2,6234.31,796.3931633199993,4933717.9021906825,6195.0781717198915
2018-08-13 18:40:00,6233.93,6254.77,6197.49,6254.77,279.15033472000016,1736683.5524258295,6221.319971433307
2018-08-13 19:20:00,6247.19,6255.05,6208.36,6212.8,370.78556517,2311227.5947969086,6233.326784814946
2018-08-13 20:00:00,6212.79,6243.23,6204.09,6237.06,253.00102488000022,1575701.515247846,6228.044000988573
2018-08-13 20:40:00,6235.67,6299.33,6217.12,6294.98,250.24706625,1569408.3035905582,6271.435374282069
2018-08-13 21:20:00,6295.0,6300.0,6252.74,6271.97,155.22645157000005,973814.6214508915,6273.509518522656
2018-08-13 22:00:00,6269.07,6271.98,6238.51,6241.2,122.5605047999999,766761.8134636361,6256.19007293479
2018-08-13 22:40:00,6240.85,6279.99,6216.0,6251.07,64.27755993999995,400873.64980362594,6236.603414594805
2018-08-13 23:20:00,6246.82,6268.92,6245.93,6267.01,29.413351549999998,184094.00900146508,6258.858623728144
2018-08-14 00:00:00,6268.58,6284.78,6245.1,6252.63,122.87452286000001,769762.0314159365,6264.61868171796
2018-08-14 00:40:00,6252.63,6254.02,6183.19,6204.21,285.51196602000016,1775995.8875797102,6220.39038271097
2018-08-14 01:20:00,6203.19,6253.0,6189.61,6195.2,245.26425358999992,1524697.501637546,6216.550024392597
2018-08-14 02:00:00,6192.27,6211.22,6030.0,6032.28,1122.5151219000008,6842495.724869808,6095.682446832437
2018-08-14 02:40:00,6032.28,6034.02,5880.0,5951.04,1772.2731146899894,10563067.00347465,5960.180130206608
2018-08-14 03:20:00,5951.04,5984.49,5902.08,5970.45,611.9408303199999,3638163.3369865017,5945.286139975348
2018-08-14 04:00:00,5969.51,6003.59,5943.93,5993.29,435.80974333000023,2605310.965597907,5978.092517369753
2018-08-14 04:40:00,5993.29,6032.1,5971.47,5995.01,185.1526785400001,1111727.2078742797,6004.38090683146
2018-08-14 05:20:00,5993.98,6009.23,5979.19,5998.0,85.54579507999992,512779.269755906,5994.207772297515
2018-08-14 06:00:00,5997.99,6000.57,5978.71,5985.0,161.68393565999997,968330.6385477323,5989.034313118182
2018-08-14 06:40:00,5980.11,5991.04,5941.39,5974.57,189.7738516300001,1132258.0727647906,5966.354495309191
2018-08-14 07:20:00,5974.57,5991.32,5950.0,5965.0,779.4285835199994,4648551.811188743,5964.050984883423
2018-08-14 08:00:00,5965.0,6070.42,5964.35,6030.0,774.9808588899999,4664852.769517054,6019.313530141238
2018-08-14 08:40:00,6035.01,6051.25,6007.52,6022.09,122.19590187000006,736717.1094766018,6028.983772797629
2018-08-14 09:20:00,6021.8,6040.56,6008.3,6034.24,147.33320101000007,888079.6194042229,6027.695138069698
2018-08-14 10:00:00,6034.13,6068.2,6023.41,6047.93,171.90335653000014,1038877.8757679565,6043.383309892813
2018-08-14 10:40:00,6048.87,6083.35,6027.97,6044.47,160.84146138000003,973240.0047431772,6050.9273939250315
2018-08-14 11:20:00,6039.0,6039.0,5980.0,6004.46,283.74309936000014,1702766.3406804274,6001.084588563108
2018-08-14 12:00:00,6003.07,6030.28,5999.42,6010.79,247.04037601000002,1487360.6756215314,6020.7189595652335
2018-08-14 12:40:00,6012.26,6046.49,5999.67,6032.08,275.60368207000005,1661176.2649500186,6027.409548643474
2018-08-14 13:20:00,6032.2,6170.15,6026.84,6123.08,753.5718294499994,4607161.200552426,6113.765165445477
2018-08-14 14:00:00,6131.39,6180.0,6116.07,6127.78,324.1235005300001,1992326.5348563134,6146.812963572533
2018-08-14 14:40:00,6127.76,6137.46,6040.18,6052.11,494.52805518999986,3005888.672513625,6078.297562630191
2018-08-14 15:20:00,6050.69,6072.7,5980.07,6015.42,605.9131306499988,3648301.782682894,6021.1630977020495
2018-08-14 16:00:00,6012.02,6054.05,6001.95,6033.0,299.97610810999987,1809569.7606331946,6032.379618611605
2018-08-14 16:40:00,6032.83,6039.38,5995.0,6017.02,640.7310564600002,3857790.6355749797,6020.920317003262
2018-08-14 17:20:00,6016.15,6051.39,6006.91,6028.0,138.4028950400001,835092.5358664122,6033.779391862146
2018-08-14 18:00:00,6028.67,6094.99,6020.0,6028.88,398.1782153900003,2413227.866874794,6060.672768125021
2018-08-14 18:40:00,6030.76,6045.33,6018.1,6036.91,279.8766252499999,1688186.2642194568,6031.894456035704
2018-08-14 19:20:00,6037.44,6153.87,6025.16,6083.5,607.4949631199981,3697926.77511363,6087.172733287635
2018-08-14 20:00:00,6079.94,6133.5,6072.69,6090.64,488.8967315200002,2982826.48436822,6101.138117848505
2018-08-14 20:40:00,6084.0,6103.68,6061.33,6078.98,115.7115893,703364.4422571128,6078.5997885962215
2018-08-14 21:20:00,6073.58,6104.88,6061.02,6093.47,83.82594488000002,510003.2574474525,6084.074067730954
2018-08-14 22:00:00,6099.89,6131.35,6075.32,6110.0,131.60009322000013,803701.148579881,6107.147258902832
2018-08-14 22:40:00,6110.03,6130.0,6074.92,6121.58,183.60773405000003,1122909.3439013597,6115.806339593349
2018-08-14 23:20:00,6116.49,6174.38,6109.62,6154.67,331.6780905500002,2037767.9337582313,6143.812304210788
2018-08-15 00:00:00,6153.83,6238.28,6146.04,6193.62,298.6118080699994,1850917.4252518015,6198.406677936582
2018-08-15 00:40:00,6194.3,6270.69,6192.89,6204.73,264.80009964999994,1650622.6365686867,6233.466825542741
2018-08-15 01:20:00,6206.14,6230.97,6186.02,6216.76,100.06951476000012,621554.4693677785,6211.226974153639
2018-08-15 02:00:00,6216.76,6227.03,6197.87,6221.39,75.43732156000003,468493.58094848605,6210.3687042475885
2018-08-15 02:40:00,6223.41,6299.0,6213.7,6274.0,277.05543882,1734984.1035911266,6262.2271953243535
2018-08-15 03:20:00,6271.96,6281.9,6220.07,6240.98,94.54826919000003,590982.9589075268,6250.59521417482
2018-08-15 04:00:00,6241.59,6309.81,6235.73,6295.43,294.61642087999974,1848519.3534914476,6274.325606054282
2018-08-15 04:40:00,6297.25,6371.0,6278.07,6338.41,424.6959611999992,2689117.464164776,6331.864933602248
2018-08-15 05:20:00,6340.44,6349.86,6302.23,6308.85,104.88049392999997,663754.8421889312,6328.677691315402
2018-08-15 06:00:00,6308.85,6320.42,6299.26,6301.0,75.40663152000002,475505.34987405315,6305.882391098923
2018-08-15 06:40:00,6302.0,6332.76,6296.57,6306.99,104.49666486000005,659568.609206981,6311.8627765837455
2018-08-15 07:20:00,6308.47,6368.82,6302.43,6347.16,121.54997113000005,771193.9434670012,6344.6657888729105
2018-08-15 08:00:00,6348.36,6484.39,6347.16,6411.09,585.61124202,3756869.322235889,6415.295767337033
2018-08-15 08:40:00,6405.41,6474.3,6400.49,6429.89,349.28371304000024,2248693.3132827445,6438.013652887452
2018-08-15 09:20:00,6426.64,6463.66,6390.0,6397.74,767.6420614799999,4937659.322351861,6432.241757092027
2018-08-15 10:00:00,6394.91,6397.74,6302.08,6378.22,682.2626840099995,4336387.152996641,6355.890853519237
2018-08-15 10:40:00,6379.37,6391.75,6332.39,6333.92,165.87617493000016,1055676.5023043586,6364.244309044712
2018-08-15 11:20:00,6329.37,6345.83,6284.72,6325.0,403.0832789100007,2544682.175738011,6313.043256518166
2018-08-15 12:00:00,6322.15,6360.37,6306.66,6357.26,264.5424186899999,1677802.8480169415,6342.282860818059
2018-08-15 12:40:00,6353.0,6368.49,6319.09,6358.04,173.0430918499998,1097640.8113382766,6343.16458174333
2018-08-15 13:20:00,6358.04,6413.2,6357.01,6391.45,309.1631321699998,1975552.8855585747,6390.001523442567
2018-08-15 14:00:00,6393.99,6398.19,6335.01,6343.0,371.2286199399998,2364244.3825559155,6368.701806822003
2018-08-15 14:40:00,6337.45,6385.2,6325.67,6373.41,247.94159077999996,1575236.5563426216,6353.256633496146
2018-08-15 15:20:00,6372.77,6463.99,6364.97,6441.16,382.5446708399996,2456479.2919968003,6421.418148638201
2018-08-15 16:00:00,6441.16,6493.77,6404.65,6446.14,469.49515746999975,3028690.8870915403,6450.952345094359
2018-08-15 16:40:00,6446.14,6628.5,6438.59,6551.25,1046.4196064599996,6866936.5706300875,6562.316424728212
2018-08-15 17:20:00,6551.24,6602.5,6531.65,6547.53,528.7310098299998,3471283.5126757193,6565.3109958347695
2018-08-15 18:00:00,6546.02,6584.5,6531.5,6571.31,235.02696522000016,1541228.7000279606,6557.66753651128
2018-08-15 18:40:00,6567.96,6591.75,6542.15,6544.0,255.4433698999998,1677938.8851480295,6568.73140142531
2018-08-15 19:20:00,6544.0,6558.17,6477.57,6491.97,432.56387018000027,2817615.29431044,6513.755513464317
2018-08-15 20:00:00,6493.14,6521.22,6349.47,6378.44,961.53413879,6186292.314429293,6433.772931051786
2018-08-15 20:40:00,6373.28,6385.78,6302.16,6363.66,505.6937025900001,3208234.1846764884,6344.2241187599275
2018-08-15 21:20:00,6363.66,6383.72,6342.0,6368.88,144.79619692,921141.4620462583,6361.6412698683625
2018-08-15 22:00:00,6368.89,6429.23,6368.89,6417.44,189.44854175000003,1214436.0685436623,6410.3743281711595
2018-08-15 22:40:00,6417.35,6451.52,6366.14,6370.48,503.4291121899998,3242271.415392451,6440.373305564382
2018-08-15 23:20:00,6375.5,6394.48,6251.66,6269.97,351.73149341000044,2219413.310923972,6309.964710316354
2018-08-16 00:00:00,6274.49,6284.25,6236.02,6272.3,237.02071694000006,1483971.0420236248,6260.933901399347
2018-08-16 00:40:00,6273.34,6277.41,6208.37,6252.34,242.70266142000008,1515821.1533416724,6245.589333355205
2018-08-16 01:20:00,6253.73,6317.83,6253.73,6273.44,152.17720465999994,956818.9261350593,6287.53122567089
2018-08-16 02:00:00,6269.79,6280.5,6245.03,6269.35,97.93634191000001,613328.817506765,6262.525284744576
2018-08-16 02:40:00,6263.47,6293.87,6260.95,6286.41,64.13659899999998,402644.68982468435,6277.92393270938
2018-08-16 03:20:00,6288.67,6333.63,6268.71,6307.0,73.98930900999999,466986.81669851,6311.544504833728
2018-08-16 04:00:00,6307.0,6321.1,6265.0,6283.08,82.50791280000006,519342.3382517487,6294.454927136981
2018-08-16 04:40:00,6269.28,6324.6,6255.07,6317.47,90.48620174,569279.1845457118,6291.33695081444
2018-08-16 05:20:00,6314.21,6324.01,6290.81,6301.85,68.67140555999997,433085.03699436114,6306.628406141529
2018-08-16 06:00:00,6305.65,6306.66,6270.8,6291.35,86.28945190999998,542809.1502157955,6290.562035113471
2018-08-16 06:40:00,6288.43,6300.0,6267.11,6295.0,38.78758288,243931.55364933523,6288.9083448175725
2018-08-16 07:20:00,6293.24,6381.25,6286.85,6378.7,199.56726031000002,1263554.9151965766,6331.47397641186
2018-08-16 08:00:00,6378.71,6413.2,6364.8,6374.94,238.97067671000008,1528621.194405833,6396.689399096746
2018-08-16 08:40:00,6378.78,6429.23,6374.94,6390.0,99.18204669000004,635152.5314068241,6403.906277433806
2018-08-16 09:20:00,6395.29,6409.82,6371.98,6400.62,65.91126784999993,420907.1553838554,6385.966605008279
2018-08-16 10:00:00,6400.59,6416.76,6379.83,6397.6,133.65780607999974,855980.9145147402,6404.271771469899
2018-08-16 10:40:00,6388.88,6410.0,6379.5,6398.77,33.03849128000003,211375.4177917206,6397.853219153426
2018-08-16 11:20:00,6399.4,6477.57,6399.4,6412.86,290.74257232000025,1874885.531771575,6448.610249303353
2018-08-16 12:00:00,6417.53,6449.48,6417.53,6444.68,62.79152622000001,404136.79713234876,6436.167767548631
2018-08-16 12:40:00,6438.52,6477.57,6311.63,6329.09,750.8231554899992,4794689.731425361,6385.910845139385
2018-08-16 13:20:00,6329.37,6347.5,6283.88,6330.0,652.3460208299994,4119047.7010603277,6314.206831245081
2018-08-16 14:00:00,6329.42,6353.69,6314.06,6353.69,332.98143884,2109730.706193074,6335.880803274488
2018-08-16 14:40:00,6353.7,6367.37,6324.39,6367.37,302.36024755999983,1917883.1194781975,6343.039916639889
2018-08-16 15:20:00,6358.18,6414.45,6298.26,6411.3,519.6065874600005,3304200.043225165,6359.041865456572
2018-08-16 16:00:00,6400.11,6426.47,6382.47,6410.67,155.85434996000006,997489.1460172774,6400.136706311261
2018-08-16 16:40:00,6409.38,6429.23,6373.67,6402.57,183.83058668999996,1176477.7573546474,6399.793301745718
2018-08-16 17:20:00,6401.4,6411.37,6375.1,6397.63,146.40339306999994,936437.7181436862,6396.284256171212
2018-08-16 18:00:00,6393.37,6477.56,6386.77,6409.99,290.84214964999944,1869932.7962721495,6429.373454028015
2018-08-16 18:40:00,6409.95,6414.76,6385.35,6398.16,121.95540022000003,780574.528851104,6400.491716176533
2018-08-16 19:20:00,6398.16,6441.71,6396.28,6411.06,80.84013924,518354.861880997,6412.0975885765565
2018-08-16 20:00:00,6415.75,6421.62,6388.68,6405.9,59.04051753999997,378175.0702911314,6405.348158320558
2018-08-16 20:40:00,6407.29,6415.23,6321.59,6344.68,282.14697088,1793593.9243157431,6356.949070626659
2018-08-16 21:20:00,6350.35,6355.69,6223.92,6258.91,639.1235068899972,4009142.0864437465,6272.875341344283
2018-08-16 22:00:00,6262.2,6297.65,6246.7,6277.96,111.69062058000006,700165.8152612406,6268.796892929218
2018-08-16 22:40:00,6287.72,6297.6,6260.89,6297.05,102.23924695000002,641787.3441735712,6277.308991599249
2018-08-16 23:20:00,6288.77,6301.95,6262.89,6277.0,119.95643559000007,753044.2573043316,6277.647827734452
2018-08-17 00:00:00,6272.98,6314.61,6260.69,6313.51,125.67407780999999,791100.486697743,6294.858100281954
2018-08-17 00:40:00,6314.08,6331.66,6290.64,6326.0,203.3574490299996,1283490.2655266584,6311.49865249006
2018-08-17 01:20:00,6326.0,6360.0,6315.52,6349.89,153.87751195000007,975440.8830092958,6339.0736609144615
2018-08-17 02:00:00,6345.99,6365.02,6328.02,6337.99,47.728746709999974,302841.489586201,6345.054300844455
2018-08-17 02:40:00,6339.31,6398.51,6337.7,6393.27,102.69588379000002,654329.7143695512,6371.52814914736
2018-08-17 03:20:00,6396.28,6444.49,6395.08,6419.91,222.81537651999955,1429863.8250191102,6417.258303045203
2018-08-17 04:00:00,6419.9,6440.01,6403.65,6414.69,60.775877679999965,390278.44659764355,6421.601159798237
2018-08-17 04:40:00,6413.55,6527.35,6411.01,6503.09,386.39492703000064,2505368.0441950024,6483.956876588288
2018-08-17 05:20:00,6503.09,6522.47,6461.42,6484.0,150.09798303999975,973495.423749209,6485.732879500329
2018-08-17 06:00:00,6483.38,6487.66,6422.48,6441.99,165.8295342100004,1069632.0367604068,6450.190201980935
2018-08-17 06:40:00,6438.4,6492.71,6423.61,6460.87,156.13642132999985,1008359.9209277042,6458.197980575588
2018-08-17 07:20:00,6459.73,6525.64,6449.49,6504.95,300.17042023999966,1950848.629496732,6499.136816802074
2018-08-17 08:00:00,6504.96,6506.59,6445.31,6495.33,329.3811322500002,2132863.894096568,6475.367546182716
2018-08-17 08:40:00,6493.54,6498.31,6445.31,6474.49,128.86287288000005,834082.9208167526,6472.639497906189
2018-08-17 09:20:00,6472.0,6490.61,6455.18,6490.61,104.93608256999998,678686.3222203034,6467.616339380406
2018-08-17 10:00:00,6490.61,6507.47,6471.27,6500.0,231.54279859000022,1503370.4756253872,6492.8405667560855
2018-08-17 10:40:00,6500.0,6562.0,6405.0,6453.6,640.8614661599994,4150769.570007958,6476.859335729922
2018-08-17 11:20:00,6453.67,6454.18,6420.95,6436.0,158.58129975000008,1021055.8824222246,6438.690337586441
2018-08-17 12:00:00,6436.0,6480.39,6436.0,6467.53,101.72073250999999,657899.4994771911,6467.703124459059
2018-08-17 12:40:00,6465.36,6492.5,6441.33,6485.48,142.37361091999992,921164.1527463729,6470.048394459682
2018-08-17 13:20:00,6485.96,6518.56,6471.58,6497.62,140.78428744999994,914083.6001334445,6492.795585999501
2018-08-17 14:00:00,6493.46,6517.09,6452.95,6478.9,137.90459304,894768.4207483191,6488.314863369246
2018-08-17 14:40:00,6476.78,6483.46,6435.04,6472.88,220.72387258999987,1425346.5952293237,6457.600523695689
2018-08-17 15:20:00,6472.88,6493.0,6463.83,6487.92,246.47833287,1596133.420043948,6475.755501339731
2018-08-17 16:00:00,6487.92,6513.1,6468.82,6483.89,228.41880026000018,1482995.744387913,6492.441702258645
2018-08-17 16:40:00,6481.79,6532.88,6476.19,6491.92,300.78501695999984,1955569.0696951614,6501.550806818362
2018-08-17 17:20:00,6486.93,6542.59,6461.13,6518.49,519.6900375499998,3383065.210960791,6509.774993782334
2018-08-17 18:00:00,6518.02,6558.0,6503.62,6509.0,203.02322587000015,1325341.191627865,6528.027450792785
2018-08-17 18:40:00,6509.0,6512.45,6467.15,6491.2,91.58789812000019,593803.3723167387,6483.426134954275
2018-08-17 19:20:00,6492.29,6517.66,6488.11,6515.01,29.592645320000017,192518.3338688227,6505.614208767957
2018-08-17 20:00:00,6508.34,6508.34,6483.06,6501.77,32.02914448000004,208133.26131320983,6498.246040982283
2018-08-17 20:40:00,6497.92,6501.85,6450.02,6479.0,84.10286333000003,544182.5221551552,6470.439894773972
2018-08-17 21:20:00,6472.21,6504.11,6457.18,6496.41,30.58432033,198101.71957338424,6477.231386406429
2018-08-17 22:00:00,6495.73,6525.81,6484.31,6511.83,54.913418510000035,357245.386819929,6505.611861604876
2018-08-17 22:40:00,6515.21,6564.49,6500.93,6533.25,368.93061173000007,2412199.998582247,6538.356866812676
2018-08-17 23:20:00,6530.89,6575.35,6530.89,6556.63,91.1851851000001,598087.0222393681,6559.037211839442
2018-08-18 00:00:00,6558.19,6584.49,6525.51,6580.15,66.70720931000002,437995.22697409254,6565.935398955942
